name,tweet,source,criado_em,likes,retweets
ï¼¸ï½ï½Œï½…ï½ï½ï½ ğŸ“,"Meu pix: naturezapet.juliana@hotmail.com 

Por favor, compartilhem! JÃ¡ estou muito grata por toda ajuda! ğŸ’œ

#vakinhaonline #vakinhasolidaria #vaquinhaonline #vaquinhasolidÃ¡ria #ajudafinanceira #pcd #fibromialgia #arrecadaÃ§Ã£o #celularnovo #celular #pix #doaÃ§Ã£o https://t.co/ynlGpNolVy",Twitter for Android,23-05-2022 19:39:44,0,0
Â¯kafÄ™19`+,"No kondomÃ­ni0 visinhos relata fedorr,Rata em PutrefaÃ§Ã£o a Perukka sumiuu, PerÃ­cia Diz HomicÃ­dy0 ğŸ˜³ğŸš¨â˜ ï¸ğŸ™ƒâš¡#Bbc pix #pix https://t.co/PaiRzM7Pxb",Twitter Web App,23-05-2022 19:33:17,1,1
VINICIUS LOPES,"Em novembro Ã© o mundial de jiu-jitsu para pessoas com deficiÃªncia (aka parajiu-jitsu)

https://t.co/UbAg677Npt

Quem puder doarâ™¥ï¸ 
Aceito #pix via DM

#bjj #jiujitsu #mma #luta #vakinha #ufcnocombate #ufc #ibjjf #cbjj #pcd #cadeirante #campanha https://t.co/jqhXkZJm8s",Twitter Web App,23-05-2022 19:30:55,0,0
Bruna,"CÃ³digos banco bitz pagando R$30,00 disponÃ­veis. 
Deixe seu whats aqui nos comentÃ¡rios quem tiver interesse 
#G1 #publi #Dinheiro #renda #indiqueeganhe #pix #bancobitz #banco #Real #lucro #Brasil #EletrobrasPublica",Twitter for Android,23-05-2022 18:20:55,1,1
pix premiado da sorte,"Escolha seu nÃºmero da sorte
Cada nÃºmero vale 20,00
Pague seu nÃºmero, envie o comprovante
Boa Sorte!

Nossa chave:
willj300willian@gmail.com

#pixpremiado #pix #sorte #sorteio #df #capital #premio #premiado #propaganda #bsb #promoÃ§Ã£o #promocao #sorteios #sorteiogram #sorteiotop https://t.co/nNsNdsugra",Twitter Web App,23-05-2022 18:05:17,0,0
pix premiado da sorte,"Escolha seu nÃºmero da sorte
Cada nÃºmero vale 20,00
Pague seu nÃºmero, envie o comprovante
Boa Sorte!

Nossa chave:
willj300willian@gmail.com

#pixpremiado #pix #sorte #sorteio #df #capital #premio #premiado #propaganda #bsb #promoÃ§Ã£o #promocao #sorteios #sorteiogram #sorteiotop https://t.co/YOROkhkDpf",Twitter Web App,23-05-2022 18:03:57,0,0
pix premiado da sorte,"Escolha seu nÃºmero da sorte
Cada nÃºmero vale 20,00
Pague seu nÃºmero, envie o comprovante
Boa Sorte!

Nossa chave:
willj300willian@gmail.com

#pixpremiado #pix #sorte #sorteio #df #capital #premio #premiado #propaganda #bsb #promoÃ§Ã£o #promocao #sorteios #sorteiogram #sorteiotop https://t.co/8iTqi1XtyW",Twitter Web App,23-05-2022 17:55:29,0,0
Billy,"Grupos destinados a vendas de conteÃºdos ğŸ”

ğŸ¥‚ QG DAS CHEFAS ğŸ¾ 

GRUPO 1
https://t.co/8ojzN88E4j

GRUPO 2
https://t.co/SrVvqNiEk0

GRUPO 3
https://t.co/Xz75FmSiMi 

GRUPO 4
https://t.co/iO8sK1yaZZ

#sexo #hot #packhot #pack #peck #garotadopix #pix #garotasdacamera #cangirl",Twitter for Android,23-05-2022 17:20:55,0,0
Billy,"Grupos destinados a vendas de conteÃºdos ğŸ”ğŸ”ğŸ”

Franquia Hottie hell

https://t.co/vq7HRAurOA

https://t.co/7GstKC5qSL

#sexo #hot #packhot #pack #peck #garotadopix #pix #garotasdacamera #cangirl #strimer #private #onlifans #prive",Twitter for Android,23-05-2022 17:20:10,0,0
Billy,"As malÃ©volas 
 Grupos destinados a vendas de conteÃºdos ğŸ”

https://t.co/WkFvCuEmbv

https://t.co/mI49gVsmnR

#sexo #hot #packhot #pack #peck #garotadopix #pix #garotasdacamera #cangirl #strimer #private #onlifans #prive",Twitter for Android,23-05-2022 17:19:03,0,0
Billy,"Grupo destinado a venda de conteÃºdo ğŸ”

medrado

https://t.co/uQj4AmzeVu

#sexo #hot #packhot #pack #peck #garotadopix #pix #garotasdacamera #cangirl #strimer #private #onlifans #prive",Twitter for Android,23-05-2022 17:17:37,0,0
Billy,"Grupos destinados a vendas de conteÃºdos ğŸ”

Grupo da Amy

https://t.co/wjM0MyF7oW

https://t.co/XxiflGoqj1

#sexo #hot #packhot #pack #peck #garotadopix #pix #garotasdacamera #cangirl #strimer #private #onlifans #prive",Twitter for Android,23-05-2022 17:16:40,0,0
Billy,"Grupos destinados a vendas de conteÃºdos ğŸ”ğŸ”

Franquia House

https://t.co/qpti3zOVBY

https://t.co/Hw1wUVZiOM

#sexo #hot #packhot #pack #peck #garotadopix #pix #garotasdacamera #cangirl #strimer #private #onlifans #prive",Twitter for Android,23-05-2022 17:15:46,0,0
LADY GRU ğŸ’…ğŸ»ğŸ”¥ğŸ§œğŸ»â€â™€ï¸,"Me pagaram R$200,00 em cÃ©dulas, o que faz cm esses papeis ? NÃ£o lembro mais !  SÃ³ faÃ§o #pix e #aproximaÃ§Ã£o",Twitter for Android,23-05-2022 15:35:29,0,0
guilherme pedro,Estou precisando tande de um #PIX ğŸ˜­ğŸ˜,Twitter for Android,23-05-2022 14:15:08,0,0
Bruna,"CÃ³digos banco bitz pagando R$30,00 disponÃ­veis. 
Deixe seu whats aqui nos comentÃ¡rios quem tiver interesse 
#G1 #publi #Dinheiro #renda #indiqueeganhe #pix #bancobitz #banco #Real #lucro #Brasil #EletrobrasPublica Australia",Twitter for Android,23-05-2022 12:32:31,2,1
Adrielle Silva,"JÃ¡ que o @elonmusk comprou o Twitter, por $44 bilhÃµes, vou deixar meu PIX aqui pra ele me mandar o que faltou pra completar os 45b ou 50b, afinal Ã© bem melhor trabalhar com nÃºmeros redondos, mÃºltiplos de 5 e 10 kkk
PIX: drikamy2008@hotmail.com
@elonmusk Ã© nois kkk
#PIX
#ElonMusk",Twitter for Android,23-05-2022 12:11:24,0,0
Estoa,"Fintechs usam o Pix para ofertar serviÃ§os antes dos bancos

#fintech #pix #bancos
https://t.co/xnXQRV1deC",Twitter Web App,23-05-2022 11:51:15,0,0
SÃ³NotÃ­ciaBoa.com.br,"ApÃ³s vÃ­deo dos Ã³culos viralizar, mÃ£e e filha autista ganham ajuda para tratamento
https://t.co/YA4wRsGehy
#autista #oculos #menina #crianca #tratamento #viral #video #vaquinha #sovaquinhaboa @sovaquinhaboa #PIX #email https://t.co/Lf2GGf2ewm",Twitter Web App,23-05-2022 11:18:36,7,1
Â¯kafÄ™19`+,"ExstuFÃ¹ Ã§u Douro, P0rhrA ğŸ˜³ğŸ”¥ğŸ’ªğŸ¾ #bbC #Pix https://t.co/lpYbhqwIJi",Twitter Web App,23-05-2022 08:08:17,1,1
gaberu,@cecirsb vaquinha pra ajudar ela #freefrazao #helpleticia #ajuda #caridade #fazer_o_bem_sem_olhar_a_quem #pix #cestabasica,Twitter for iPhone,23-05-2022 03:55:58,0,0
Dama de Ferro,"Pedido especial: Ajudem (quem puder) O @Pedro08057710 A filhinha dele estÃ¡ lutando contra a terrÃ­vel leucemia. O tratamento Ã© longo e custa caro. OraÃ§Ãµes atÃ© RT ou qualquer doaÃ§Ã£o! 
#Pix 05414214093
https://t.co/S4JcxLt7xi
https://t.co/P7qb2rPR2O",Twitter for Android,23-05-2022 03:11:43,193,82
PedroğŸ“âš–pai da HELENA,"@fabifbbr PatriotasğŸ‡§ğŸ‡·, pode ser R$ 1, 2, 3, 4, 5, 6, 7, 8, 9, 10 ou qualquer ajuda q sempre serÃ¡ bem vinda!
AtÃ© mesmo sua oraÃ§Ã£o ou RT estarÃ¡ nos ajudando. 
E seguimos forte nessa batalha contra #LEUCEMIA 
Forte abraÃ§o pessoal e fiquem c/ Deus #PIX 05414214093
https://t.co/lMvKpeCaEH https://t.co/JgZv87sTNQ",Twitter for Android,23-05-2022 02:47:30,186,76
LBank.info,"ğŸ’«Oferta por tempo limitado durante o mÃªs de Maio. 

Taxa Zero no #Pix do #LBank utilizando o @BanxaOfficial . 

Comece a negociar agora: https://t.co/8mNorja0yI https://t.co/2izXY5EZiH",Twitter Web App,23-05-2022 02:15:42,25,1
PedroğŸ“âš–pai da HELENA,"@brom_elisa @jairbolsonaro Pessoal por favor nos ajudem
Nossa filha estÃ¡ c/#Leucemia e nÃ³s somos d interior d RS, VenÃ¢ncio Aires e o tratamento Ã© longo e POA.
Se afastamos d trabalho p/cuidar dela.
Qualquer ajuda Ã© bm vinda atÃ© oraÃ§Ãµes ou #Pix CPF 05414214093
Deem #RT e nos ajudem. 
https://t.co/lMvKpeCaEH https://t.co/ImZk188QBF",Twitter for Android,23-05-2022 01:56:54,8,5
PedroğŸ“âš–pai da HELENA,"@LucianoHangBr Pessoal por favor nos ajudem
Nossa filha estÃ¡ c/#Leucemia e nÃ³s somos d interior d RS, VenÃ¢ncio Aires e o tratamento Ã© longo e POA.
Se afastamos d trabalho p/cuidar dela.
Qualquer ajuda Ã© bm vinda atÃ© oraÃ§Ãµes ou #Pix CPF 05414214093
Deem #RT e nos ajudem. 
https://t.co/lMvKpeCaEH https://t.co/91BSmKo3Wa",Twitter for Android,23-05-2022 01:46:56,17,9
PedroğŸ“âš–pai da HELENA,"@BolsonaroSP Pessoal por favor nos ajudem
Nossa filha estÃ¡ c/#Leucemia e nÃ³s somos d interior d RS, VenÃ¢ncio Aires e o tratamento Ã© longo e POA.
Se afastamos d trabalho p/cuidar dela.
Qualquer ajuda Ã© bm vinda atÃ© oraÃ§Ãµes ou #Pix CPF 05414214093
Deem #RT e nos ajudem. 
https://t.co/lMvKpeCaEH https://t.co/ZoWuBI6sWc",Twitter for Android,23-05-2022 01:43:34,9,6
PedroğŸ“âš–pai da HELENA,"@FlavioBolsonaro Pessoal por favor nos ajudem
Nossa filha estÃ¡ c/#Leucemia e nÃ³s somos d interior d RS, VenÃ¢ncio Aires e o tratamento Ã© longo e POA.
Se afastamos d trabalho p/cuidar dela.
Qualquer ajuda Ã© bm vinda atÃ© oraÃ§Ãµes ou #Pix CPF 05414214093
Deem #RT e nos ajudem. 
https://t.co/lMvKpeCaEH https://t.co/ZKLtqxTh2X",Twitter for Android,23-05-2022 01:41:34,5,5
Divulgo as Gordinhas ğŸ˜ğŸ”¥,"âš ï¸NÃ£o perca essa chanceâš ï¸

#rt #PIX #sellingcontnent #gostosa #bbw #gordinhagostosa https://t.co/BzBQemEORq",Twitter for Android,23-05-2022 01:37:29,1,0
Giliane,Pix 7b038f73-c914-46df-bf87-29378717cd53 qualquer valor pode ajudar ele realm estÃ¡ precisando muito meu perfil tem tudo explicado ... #gatos #PIX https://t.co/DvAz0VGeFd,Twitter for Android,22-05-2022 23:59:19,0,0
#LIBERDADE,"NÃ£o deixem a guerreira abandonada. Ajudem o canal da Dra. Roberta Lacerda que tem lutado pela liberdade mÃ©dica e dos verdadeiros tratamentos cientÃ­ficos.
FaÃ§a um #PIX para pix@covidflix.com

NÃ£o ganho um centavo em ajudar mas minha alma se sente livre. https://t.co/cLoVXzYzsW",Twitter Web App,22-05-2022 23:58:45,1,0
PedroğŸ“âš–pai da HELENA,"@DamaresAlves Pessoal por favor nos ajudem
Nossa filha estÃ¡ c/#Leucemia e nÃ³s somos d interior d RS, VenÃ¢ncio Aires e o tratamento Ã© longo e POA.
Se afastamos d trabalho p/cuidar dela.
Qualquer ajuda Ã© bm vinda atÃ© oraÃ§Ãµes ou #Pix CPF 05414214093
Deem #RT e nos ajudem. 
https://t.co/lMvKpeCaEH https://t.co/MiWncVXvYb",Twitter for Android,22-05-2022 23:24:56,4,3
BAD GLO,tÃ´ triste alguÃ©m me manda um pix de 170 reias pra eu comprar um negÃ³cio aqui ğŸ˜­ğŸ˜­ğŸ˜­ğŸ˜­ #pix #sugardady,Twitter for iPhone,22-05-2022 23:18:44,2,0
PedroğŸ“âš–pai da HELENA,"@dramayraoficial Pessoal por favor nos ajudem
Nossa filha estÃ¡ c/#Leucemia e nÃ³s somos d interior d RS, VenÃ¢ncio Aires e o tratamento Ã© longo e POA.
Se afastamos d trabalho p/cuidar dela.
Qualquer ajuda Ã© bm vinda atÃ© oraÃ§Ãµes ou #Pix CPF 05414214093
Deem #RT e nos ajudem. 
https://t.co/lMvKpeCaEH https://t.co/KgBy4uZhxM",Twitter for Android,22-05-2022 22:37:05,5,4
AndrÃ©,Cuidem com #golpes da mulher sofrida cheia de filhos. Ficam pedindo #pix atrÃ¡s de fotos de crianÃ§as pra comover. SÃ£o golpistas!!!! FÃ¡cil nÃ© ? Fica com o rabo no sofÃ¡ conferindo extrato. Depender de mim....,Twitter for Android,22-05-2022 22:34:33,0,0
PedroğŸ“âš–pai da HELENA,"@tarcisiogdf Pessoal por favor nos ajudem
Nossa filha estÃ¡ c/#Leucemia e nÃ³s somos d interior d RS, VenÃ¢ncio Aires e o tratamento Ã© longo e POA.
Se afastamos d trabalho p/cuidar dela.
Qualquer ajuda Ã© bm vinda atÃ© oraÃ§Ãµes ou #Pix CPF 05414214093
Deem #RT e nos ajudem. 
https://t.co/lMvKpeCaEH https://t.co/qIxSlP2Kd5",Twitter for Android,22-05-2022 22:31:50,9,8
PedroğŸ“âš–pai da HELENA,"@PATRlOTAS PatriotasğŸ‡§ğŸ‡·, pode ser R$ 1, 2, 3, 4, 5, 6, 7, 8, 9, 10 ou qualquer ajuda q sempre serÃ¡ bem vinda!
AtÃ© mesmo sua oraÃ§Ã£o ou RT estarÃ¡ nos ajudando. 
E seguimos forte nessa batalha contra #LEUCEMIA 
Forte abraÃ§o pessoal e fiquem c/ Deus #PIX 05414214093
https://t.co/lMvKpeCaEH",Twitter for Android,22-05-2022 22:29:59,5,5
PedroğŸ“âš–pai da HELENA,"@brom_elisa @Juanita61348092 PatriotasğŸ‡§ğŸ‡·, pode ser R$ 1, 2, 3, 4, 5, 6, 7, 8, 9, 10 ou qualquer ajuda q sempre serÃ¡ bem vinda!
AtÃ© mesmo sua oraÃ§Ã£o ou RT estarÃ¡ nos ajudando. 
E seguimos forte nessa batalha contra #LEUCEMIA 
Forte abraÃ§o pessoal e fiquem c/ Deus #PIX 05414214093
https://t.co/lMvKpeCaEH",Twitter for Android,22-05-2022 22:26:10,5,4
PedroğŸ“âš–pai da HELENA,"@jairbolsonaro Pessoal por favor nos ajudem
Nossa filha estÃ¡ c/#Leucemia e nÃ³s somos d interior d RS, VenÃ¢ncio Aires e o tratamento Ã© longo e POA.
Se afastamos d trabalho p/cuidar dela.
Qualquer ajuda Ã© bm vinda atÃ© oraÃ§Ãµes ou #Pix CPF 05414214093
Deem #RT e nos ajudem. 
https://t.co/lMvKpeCaEH https://t.co/UIn9LPWNuv",Twitter for Android,22-05-2022 22:20:34,10,10
PedroğŸ“âš–pai da HELENA,"@fabifbbr @P62minutos @roserochabr @realpfigueiredo @filipebarrost @augustosnunes Pessoal por favor nos ajudem
Nossa filha estÃ¡ c/#Leucemia e nÃ³s somos d interior d RS, VenÃ¢ncio Aires e o tratamento Ã© longo e POA.
Se afastamos d trabalho p/cuidar dela.
Qualquer ajuda Ã© bm vinda atÃ© oraÃ§Ãµes ou #Pix CPF 05414214093
Deem #RT e nos ajudem. 
https://t.co/lMvKpeCaEH https://t.co/ye5ODueGFu",Twitter for Android,22-05-2022 22:15:34,8,10
PedroğŸ“âš–pai da HELENA,"@MiBolsonaro PatriotasğŸ‡§ğŸ‡·, pode ser R$ 1, 2, 3, 4, 5, 6, 7, 8, 9, 10 ou qualquer ajuda q sempre serÃ¡ bem vinda!
AtÃ© mesmo sua oraÃ§Ã£o ou RT estarÃ¡ nos ajudando. 
E seguimos forte nessa batalha contra #LEUCEMIA 
Forte abraÃ§o pessoal e fiquem c/ Deus #PIX 05414214093
https://t.co/lMvKpeCaEH https://t.co/Hqu3A9S0KH",Twitter for Android,22-05-2022 22:14:13,16,11
PedroğŸ“âš–pai da HELENA,"@luislacombereal @oliberal Pessoal por favor nos ajudem
Nossa filha estÃ¡ c/#Leucemia e nÃ³s somos d interior d RS, VenÃ¢ncio Aires e o tratamento Ã© longo e POA.
Se afastamos d trabalho p/cuidar dela.
Qualquer ajuda Ã© bm vinda atÃ© oraÃ§Ãµes ou #Pix CPF 05414214093
Deem #RT e nos ajudem. 
https://t.co/lMvKpeCaEH https://t.co/Lg0TdIpjBE",Twitter for Android,22-05-2022 22:05:34,5,4
garciaspbrasil,"por favor nos ajude, estamos sem o que comer em casa

temos crianÃ§as com fome, estamos desempregados

se voce puder, faca um doaÃ§Ã£o de qualquer valor

pix 41635727839

deus abencoe

#PIX #pix #sp #sos #solidariedade #deus #socorro #ajuda #igreja #governo #Lula #bolsonaro #globo",Twitter Web App,22-05-2022 21:58:36,0,0
tetragoverdade,"E ao persistirem os sintomas, insista.

#bolodedinheiro #fazumpix #pix em SÃ£o Paulo, Brazil https://t.co/gB7DLeoCKb",Instagram,22-05-2022 20:39:54,0,0
PedroğŸ“âš–pai da HELENA,"@oiIuiz Pessoal por favor nos ajudem
Nossa filha estÃ¡ c/#Leucemia e nÃ³s somos d interior d RS, VenÃ¢ncio Aires e o tratamento Ã© longo e POA.
Se afastamos d trabalho p/cuidar dela.
Qualquer ajuda Ã© bm vinda atÃ© oraÃ§Ãµes ou #Pix CPF 05414214093
Deem #RT e nos ajudem. 
https://t.co/lMvKpeCaEH https://t.co/l44Y95of5L",Twitter for Android,22-05-2022 20:38:49,9,4
Rafael Cavalcante,"Hoje sou um homem essentrico do qual com certeza posso dizer que me orgulho ğŸ™‚ Obrigado pessoal, seguimos para mais um ano acertivo ğŸ˜ƒ 

Meu #PIX para depÃ³sito Ã©: rafaelicosaedro@gmail.com
Brincadeira ğŸ¤£

https://t.co/E4e8Gh128M",Twitter for Android,22-05-2022 18:40:07,0,0
JoÃ£o Piva,SÃ£o JoÃ£o estÃ¡ chegando.. ...SerÃ¡ que ninguÃ©m vai me dÃ¡ um #pix de Presente.....ğŸ˜­ğŸ˜” https://t.co/ZlTqYgbqoH,Twitter for Android,22-05-2022 17:43:21,36,3
PedroğŸ“âš–pai da HELENA,"@jairbolsonaro @jwab67 Pessoal por favor nos ajudem
Nossa filha estÃ¡ c/#Leucemia e nÃ³s somos d interior d RS, VenÃ¢ncio Aires e o tratamento Ã© longo e POA.
Se afastamos d trabalho p/cuidar dela.
Qualquer ajuda Ã© bm vinda atÃ© oraÃ§Ãµes ou #Pix CPF 05414214093
Deem #RT e nos ajudem. 
https://t.co/lMvKpeCaEH https://t.co/AD78VFz3Tq",Twitter for Android,22-05-2022 16:38:55,7,6
PedroğŸ“âš–pai da HELENA,"@oiIuiz PatriotasğŸ‡§ğŸ‡·, pode ser R$ 1, 2, 3, 4, 5, 6, 7, 8, 9, 10 ou qualquer ajuda q sempre serÃ¡ bem vinda!
AtÃ© mesmo sua oraÃ§Ã£o ou RT estarÃ¡ nos ajudando. 
E seguimos forte nessa batalha contra #LEUCEMIA 
Forte abraÃ§o pessoal e fiquem c/ Deus #PIX 05414214093
https://t.co/lMvKpeCaEH",Twitter for Android,22-05-2022 16:36:46,1,1
PedroğŸ“âš–pai da HELENA,"@jairbolsonaro @taoquei1 @PRFBrasil Pessoal por favor nos ajudem
Nossa filha estÃ¡ c/#Leucemia e nÃ³s somos d interior d RS, VenÃ¢ncio Aires e o tratamento Ã© longo e POA.
Se afastamos d trabalho p/cuidar dela.
Qualquer ajuda Ã© bm vinda atÃ© oraÃ§Ãµes ou #Pix CPF 05414214093
Deem #RT e nos ajudem. 
https://t.co/lMvKpeCaEH https://t.co/jayOrdzK5E",Twitter for Android,22-05-2022 16:24:55,9,8
PedroğŸ“âš–pai da HELENA,"@dramayraoficial @orlandodematos1 @LulaOficial PatriotasğŸ‡§ğŸ‡·, pode ser R$ 1, 2, 3, 4, 5, 6, 7, 8, 9, 10 ou qualquer ajuda q sempre serÃ¡ bem vinda!
AtÃ© mesmo sua oraÃ§Ã£o ou RT estarÃ¡ nos ajudando. 
E seguimos forte nessa batalha contra #LEUCEMIA 
Forte abraÃ§o pessoal e fiquem c/ Deus #PIX 05414214093
https://t.co/lMvKpeCaEH",Twitter for Android,22-05-2022 16:16:19,4,0
PedroğŸ“âš–pai da HELENA,"@oiIuiz PatriotasğŸ‡§ğŸ‡·, pode ser R$ 1, 2, 3, 4, 5, 6, 7, 8, 9, 10 ou qualquer ajuda q sempre serÃ¡ bem vinda!
AtÃ© mesmo sua oraÃ§Ã£o ou RT estarÃ¡ nos ajudando. 
E seguimos forte nessa batalha contra #LEUCEMIA 
Forte abraÃ§o pessoal e fiquem c/ Deus #PIX 05414214093
https://t.co/lMvKpeCaEH",Twitter for Android,22-05-2022 16:15:04,1,1
PedroğŸ“âš–pai da HELENA,"@jrguzzofatos PatriotasğŸ‡§ğŸ‡·, pode ser R$ 1, 2, 3, 4, 5, 6, 7, 8, 9, 10 ou qualquer ajuda q sempre serÃ¡ bem vinda!
AtÃ© mesmo sua oraÃ§Ã£o ou RT estarÃ¡ nos ajudando. 
E seguimos forte nessa batalha contra #LEUCEMIA 
Forte abraÃ§o pessoal e fiquem c/ Deus #PIX 05414214093
https://t.co/lMvKpeCaEH",Twitter for Android,22-05-2022 16:09:06,1,1
Lucas,AlguÃ©m mais com dificuldade de fazer #Pix pelo @BancodoBrasil? Estou tentando agora e dÃ¡ a mensagem que nÃ£o estou logado e que preciso fazer o login novamente!,Twitter for Android,22-05-2022 15:50:41,1,0
PNotÃ­cias,"Bancos oferecem compras parceladas via Pix - https://t.co/ShSU98zg8w 
#PNotÃ­cias #News #ÃºltimasnotÃ­cias #EmpurraPiatÃ£ #PiatÃ£FM #economia #banco #pix #parcelado https://t.co/ldoFhgQV68",Etus Brasil,22-05-2022 15:20:06,0,0
Â¯kafÄ™19`+,Quero cartÃ£o Virtul CrÃ©dito ğŸ˜• Master #Bbc #pix pix News,Twitter Web App,22-05-2022 14:24:29,1,1
Sr. Macaco - Sociedade Ilustrada,"Se eu puder me dedicar mais, terei mais tempo para nÃ£o sÃ³ produzir os posts como tambÃ©m muitos outros tipos de conteÃºdo. #apoio #pix #apoieoartista https://t.co/UlwfxhsNJF",Twitter for Android,22-05-2022 14:06:04,63,12
Â¯kafÄ™19`+,"#Fora @DanielaMercury ,Lula; o Swyng da Cor agora Ã© #SHAKYRA k ğŸ˜³ğŸ™ƒğŸ˜‚ğŸ˜˜ #bbc #pix #Diegor #News #AltasHoras",Twitter Web App,22-05-2022 14:01:27,1,1
BK bank,"Hoje Ã© o Dia Mundial Do AbraÃ§o, comemore dando um abraÃ§Ã£o em quem vocÃª gosta! Se estiver longe, faz aquele Pix! Toda demonstraÃ§Ã£o de amor Ã© vÃ¡lida!
.
#diadoabraco #pix #cartao #contadigital #tecnologia #app #financas #seudinheiro #voucher #ecommerce #pagamento #empresa https://t.co/ObgMTVOByr",mLabs - GestÃ£o de Redes Sociais,22-05-2022 12:20:02,0,0
Leumas Mercado Online,"PODE COMENTAR QUANTAS VEZES QUISER COM SEGUNDO CÃ“DIGO ADQUIRIDO COMIGO NO WHATSAPP, SIGAM REGRAS CONFORME NA DESCRIÃ‡ÃƒO ACIMA, SEGUNDO CÃ“DIGO E ÃšNICO E INTRASFERÃVEL, COMENTE SOMENTE COM SEU CÃ“DIGO ADQUIRIDO.
-
#pix #o #dinheiro #photo #instagram #brasil #picpay #instagood #marke",Twitter for Android,22-05-2022 07:23:15,0,0
Frente Politica,"SEGUNDO CÃ“DIGO E ÃšNICO E INTRASFERÃVEL, COMENTE SOMENTE COM SEU CÃ“DIGO ADQUIRIDO.
-
#pix #o #dinheiro #photo #instagram #brasil #picpay #instagood #marketingdigital #dinheiroextra #empreendedorismo #pagamento #dinheiroonline #credito #bancocentral #sorteio #contadigital #pago",Twitter for Android,22-05-2022 07:16:17,0,1
PdbğŸ¹Pub Drink Beer,"SEGUNDO CÃ“DIGO E ÃšNICO E INTRASFERÃVEL, COMENTE SOMENTE COM SEU CÃ“DIGO ADQUIRIDO.
-
#pix #o #dinheiro #photo #instagram #brasil #picpay #instagood #marketingdigital #dinheiroextra #empreendedorismo #pagamento #dinheiroonline #credito #bancocentral #sorteio #contadigital #pago",Twitter for Android,22-05-2022 07:10:30,0,0
Abner A. Borlenghi,"Pedido especial: Ajudem (quem puder) o @Pedro08057710 . A filhinha dele estÃ¡ lutando contra a terrÃ­vel leucemia. O tratamento Ã© longo e custa caro.

OraÃ§Ãµes ou qualquer doaÃ§Ã£o!
 #Pix 05414214093

https://t.co/1rnh3wywxn https://t.co/uXjm1OaW0H",Twitter for Android,22-05-2022 04:26:42,0,0
PedroğŸ“âš–pai da HELENA,"@oiIuiz PatriotasğŸ‡§ğŸ‡·, pode ser R$ 1, 2, 3, 4, 5, 6, 7, 8, 9, 10 ou qualquer ajuda q sempre serÃ¡ bem vinda!
AtÃ© mesmo sua oraÃ§Ã£o ou RT estarÃ¡ nos ajudando. 
E seguimos forte nessa batalha contra #LEUCEMIA 
Forte abraÃ§o pessoal e fiquem c/ Deus #PIX 05414214093
https://t.co/lMvKpeCaEH https://t.co/Oa090babKj",Twitter for Android,22-05-2022 01:59:41,12,13
Robbinh0,SÃ³ queria um #PIX de 1.000 reais agora,Twitter for Android,21-05-2022 23:07:26,0,0
Dama de Ferro,"Pedido especial: Ajudem (quem puder) O @Pedro08057710 A filhinha dele estÃ¡ lutando contra a terrÃ­vel leucemia. O tratamento Ã© longo e custa caro. OraÃ§Ãµes atÃ© RT ou qualquer doaÃ§Ã£o! 
#Pix 05414214093
https://t.co/S4JcxLt7xi
https://t.co/P7qb2rPR2O https://t.co/zvl0HlVY80",Twitter for Android,21-05-2022 22:56:31,406,188
PedroğŸ“âš–pai da HELENA,"@jairbolsonaro Pessoal por favor nos ajudem
Nossa filha estÃ¡ c/#Leucemia e nÃ³s somos d interior d RS, VenÃ¢ncio Aires e o tratamento Ã© longo e POA.
Se afastamos d trabalho p/cuidar dela.
Qualquer ajuda Ã© bm vinda atÃ© oraÃ§Ãµes ou #Pix CPF 05414214093
Deem #RT e nos ajudem. 
https://t.co/lMvKpeCaEH https://t.co/IWaogP7C6X",Twitter for Android,21-05-2022 21:55:28,17,7
PedroğŸ“âš–pai da HELENA,"@jairbolsonaro Pessoal por favor nos ajudem
Nossa filha estÃ¡ c/#Leucemia e nÃ³s somos d interior d RS, VenÃ¢ncio Aires e o tratamento Ã© longo e POA.
Se afastamos d trabalho p/cuidar dela.
Qualquer ajuda Ã© bm vinda atÃ© oraÃ§Ãµes ou #Pix CPF 05414214093
Deem #RT e nos ajudem. 
https://t.co/lMvKpeCaEH https://t.co/7KM8Xj6Z5L",Twitter for Android,21-05-2022 21:53:07,17,12
PedroğŸ“âš–pai da HELENA,"@jairbolsonaro Pessoal por favor nos ajudem
Nossa filha estÃ¡ c/#Leucemia e nÃ³s somos d interior d RS, VenÃ¢ncio Aires e o tratamento Ã© longo e POA.
Se afastamos d trabalho p/cuidar dela.
Qualquer ajuda Ã© bm vinda atÃ© oraÃ§Ãµes ou #Pix CPF 05414214093
Deem #RT e nos ajudem. 
https://t.co/lMvKpeCaEH https://t.co/bgwy4iqa2X",Twitter for Android,21-05-2022 21:51:58,12,8
PedroğŸ“âš–pai da HELENA,"@salimmattarbr PatriotasğŸ‡§ğŸ‡·, pode ser R$ 1, 2, 3, 4, 5, 6, 7, 8, 9, 10 ou qualquer ajuda q sempre serÃ¡ bem vinda!
AtÃ© mesmo sua oraÃ§Ã£o ou RT estarÃ¡ nos ajudando. 
E seguimos forte nessa batalha contra #LEUCEMIA 
Forte abraÃ§o pessoal e fiquem c/ Deus #PIX 05414214093
https://t.co/lMvKpeCaEH",Twitter for Android,21-05-2022 21:46:11,3,0
PedroğŸ“âš–pai da HELENA,"@silvionavarro PatriotasğŸ‡§ğŸ‡·, pode ser R$ 1, 2, 3, 4, 5, 6, 7, 8, 9, 10 ou qualquer ajuda q sempre serÃ¡ bem vinda!
AtÃ© mesmo sua oraÃ§Ã£o ou RT estarÃ¡ nos ajudando. 
E seguimos forte nessa batalha contra #LEUCEMIA 
Forte abraÃ§o pessoal e fiquem c/ Deus #PIX 05414214093
https://t.co/lMvKpeCaEH",Twitter for Android,21-05-2022 21:38:43,3,1
garciaspbrasil,"por favor nos ajude, estamos sem o que comer em casa

temos crianÃ§as com fome, estamos desempregados

se voce puder, faca um doaÃ§Ã£o de qualquer valor

pix 41635727839

deus abencoe

#PIX #pix #sp #sos #solidariedade #deus #socorro #ajuda #igreja #governo #Lula #bolsonaro #globo",Twitter Web App,21-05-2022 20:34:41,1,0
ReidoPalpite,"BolÃ£o mÃªs de MAIO 2022 valendo prÃªmios em #PIX !!! 

1Âº LUGAR NO RANKING R$ 200,00ğŸ’¸
2Âº LUGAR  R$ 75,00ğŸ’¸
3Âº LUGAR  R$ 25,00ğŸ’¸

ACESSE https://t.co/dTISCX6sL8 100% GRÃTIS https://t.co/sYpL47Rnb7",Twitter for Android,21-05-2022 18:54:25,2,5
Vieira â¤ï¸â€ğŸ”¥,Leitada Massa ğŸ”¥ğŸ¤¤ #rt #pix #sdv #boys https://t.co/RTLgncAow6,Twitter for iPhone,21-05-2022 18:43:15,67,8
alex toledo,@nubank acabei de fazer pix p Carregar saldo no 99 e acho q um DOC demoraria menos â€¦.#Nubank #ruim #pix,Twitter for iPhone,21-05-2022 17:36:42,0,0
JairMarchi,"@jairbolsonaro Estou aguardando um suporte de celular para a moto, pago com #PIX, para a #Shopee a entrega prometida para 7 dias virou 30 dias, #pÃ©ssima_experiÃªncia #garantia estendida? Nunca!",Twitter Web App,21-05-2022 16:54:07,0,0
GI0DO,"@Diog0_Xavier_

#liveopen
#LIVEON 
#LiveOnTwitch 
#LeagueOfLegends 
#todosporumm
#ranqueada
#ranked 
#streaming 
#Gameplay 
#stream
@RiotGamesBrasil

#diamond
#gomaster
#pdl
#AMA
#pix
#suporte

https://t.co/0Jon7D6tc5

cola lÃ¡ mamo todos sz",Twitter Web App,21-05-2022 15:10:19,0,0
beto,"O site tÃ¡ no ar, apostem pelo link p me dÃ¡ uma forÃ§a.
https://t.co/lz9n2rjRwE
#rendaexetra
#aposta
#rendaemcasa
#dinheiro
#aposta
#pix
#facil
#ganhofacil
#apostadegraca
#pixbet https://t.co/qOxJXPDOGW",Twitter Web App,21-05-2022 13:11:45,0,0
KrisMav ğŸ–¤ğŸ’ªğŸ½ğŸ‡§ğŸ‡·ğŸ‡®ğŸ‡¹,"@AraciBrasil @jairbolsonaro Esquerdista nem deveria usar #Pix , nÃ©? Pois sÃ£o contra tudo o que Bolsonaro faz. #BolsonaroReeleitoEm2022",Twitter for iPhone,21-05-2022 12:18:26,0,0
PedroğŸ“âš–pai da HELENA,"@jairbolsonaro Pessoal por favor nos ajudem
Nossa filha estÃ¡ c/#Leucemia e nÃ³s somos d interior d RS, VenÃ¢ncio Aires e o tratamento Ã© longo e POA.
Se afastamos d trabalho p/cuidar dela.
Qualquer ajuda Ã© bm vinda atÃ© oraÃ§Ãµes ou #Pix CPF 05414214093
Deem #RT e nos ajudem. 
https://t.co/lMvKpeCaEH https://t.co/MWciiUdomK",Twitter for Android,21-05-2022 11:25:54,13,11
PedroğŸ“âš–pai da HELENA,"@CarlosBolsonaro Pessoal por favor nos ajudem
Nossa filha estÃ¡ c/#Leucemia e nÃ³s somos d interior d RS, VenÃ¢ncio Aires e o tratamento Ã© longo e POA.
Se afastamos d trabalho p/cuidar dela.
Qualquer ajuda Ã© bm vinda atÃ© oraÃ§Ãµes ou #Pix CPF 05414214093
Deem #RT e nos ajudem. 
https://t.co/lMvKpeCaEH https://t.co/TBcvditA15",Twitter for Android,21-05-2022 11:08:53,9,7
Diana Corrales lamarca,"@fernandagk Chegou a melhor plataforma de apostas do Brasil com atendimento 24h e saque via pix! Venha para o mundo das #apostasesportivas! âš½ï¸ğŸ’°
â¡ Acesse agora https://t.co/ciJeTtZiNv e participe!
#apostasesportivas #apostasonline #BBB22 #futebol #futebolbrasileiro #cassino
#pix #copaqatar",Twitter Web App,21-05-2022 08:20:24,0,0
Diana Corrales lamarca,"@Leunery @Lipebrito_7 Aumente suas apostas com nosso incrÃ­vel bÃ´nus 100%! VocÃª deposita, e agente dobra!
DiversÃ£o e praticidade em apostas Ã© na Gamble City! https://t.co/6P0e7bgDjh

#apostasesportivas #apostasonline #BBB22 #futebol #futebolbrasileiro #cassino
#pix #copaqatar #sportingbet #tipster",Twitter Web App,21-05-2022 08:02:17,1,1
Diana Corrales lamarca,"@Nicolas08880360 @LuizCar98398198 As primeiras fichas ninguÃ©m esquece, entÃ£o aproveite nosso BÃ”NUS FUN de R$50 e venha conhecer as melhores mesas na Gamble City

#apostasesportivas #apostasonline #BBB22 #futebol #futebolbrasileiro #cassino
#pix #copaqatar #traderesportivo #sportingbet #apostaesportiva #tipster",Twitter Web App,21-05-2022 07:51:02,1,1
Diana Corrales lamarca,"@Ja1_Alves @feerlz_ Buscando um site de apostas com os saques e depÃ³sitos mais rÃ¡pidos de todo faroeste? ğŸ¤ 
Venha duelar em Gamble City e seja rÃ¡pido no gatilho!
â¡ Acesse agora https://t.co/ciJeTtZiNv e participe!
#apostasesportivas #apostasonline #BBB22 #futebol #futebolbrasileiro #cassino
#pix",Twitter Web App,21-05-2022 07:35:17,2,2
PedroğŸ“âš–pai da HELENA,"@Biakicis Pessoal por favor nos ajudem
Nossa filha estÃ¡ c/#Leucemia e nÃ³s somos d interior d RS, VenÃ¢ncio Aires e o tratamento Ã© longo e POA.
Se afastamos d trabalho p/cuidar dela.
Qualquer ajuda Ã© bm vinda atÃ© oraÃ§Ãµes ou #Pix CPF 05414214093
Deem #RT e nos ajudem. 
https://t.co/lMvKpeCaEH https://t.co/11Il9YZYzh",Twitter for Android,21-05-2022 03:36:36,12,6
OniVoraz,"Canalhas!
#pix https://t.co/xH3pCVIRca",Twitter for iPhone,21-05-2022 03:20:45,0,0
PedroğŸ“âš–pai da HELENA,"@jairbolsonaro @M_Madd PatriotasğŸ‡§ğŸ‡·, pode ser R$ 1, 2, 3, 4, 5, 6, 7, 8, 9, 10 ou qualquer ajuda q sempre serÃ¡ bem vinda!
AtÃ© mesmo sua oraÃ§Ã£o ou RT estarÃ¡ nos ajudando. 
E seguimos forte nessa batalha contra #LEUCEMIA 
Forte abraÃ§o pessoal e fiquem c/ Deus #PIX 05414214093
https://t.co/lMvKpeCaEH https://t.co/QyHtVPtSHI",Twitter for Android,21-05-2022 01:56:23,13,8
PedroğŸ“âš–pai da HELENA,"@PATRlOTAS PatriotasğŸ‡§ğŸ‡·, pode ser R$ 1, 2, 3, 4, 5, 6, 7, 8, 9, 10 ou qualquer ajuda q sempre serÃ¡ bem vinda!
AtÃ© mesmo sua oraÃ§Ã£o ou RT estarÃ¡ nos ajudando. 
E seguimos forte nessa batalha contra #LEUCEMIA 
Forte abraÃ§o pessoal e fiquem c/ Deus #PIX 05414214093
https://t.co/lMvKpeCaEH",Twitter for Android,21-05-2022 01:49:33,2,1
PedroğŸ“âš–pai da HELENA,"@jairbolsonaro Pessoal por favor nos ajudem
Nossa filha estÃ¡ c/#Leucemia e nÃ³s somos d interior d RS, VenÃ¢ncio Aires e o tratamento Ã© longo e POA.
Se afastamos d trabalho p/cuidar dela.
Qualquer ajuda Ã© bm vinda atÃ© oraÃ§Ãµes ou #Pix CPF 05414214093
Deem #RT e nos ajudem. 
https://t.co/lMvKpeCaEH https://t.co/8HZyX8QJgQ",Twitter for Android,21-05-2022 01:32:12,10,7
This is the Botafogo Way â˜…å½¡ ğŸ¦… ğŸ¤ ğŸ”¥,"E o PIX do @nubank, que resolveu nÃ£o funcionar justo na sexta-feira??? ğŸ¤¡
#Sextou #nubank #PIX",Twitter Web App,21-05-2022 01:31:00,1,0
PedroğŸ“âš–pai da HELENA,"@oiIuiz Pessoal por favor nos ajudem
Nossa filha estÃ¡ c/#Leucemia e nÃ³s somos d interior d RS, VenÃ¢ncio Aires e o tratamento Ã© longo e POA.
Se afastamos d trabalho p/cuidar dela.
Qualquer ajuda Ã© bm vinda atÃ© oraÃ§Ãµes ou #Pix CPF 05414214093
Deem #RT e nos ajudem. 
https://t.co/lMvKpeCaEH https://t.co/k06pC5VSEp",Twitter for Android,21-05-2022 00:53:55,7,6
PedroğŸ“âš–pai da HELENA,"@jairbolsonaro @secomvc PatriotasğŸ‡§ğŸ‡·, pode ser R$ 1, 2, 3, 4, 5, 6, 7, 8, 9, 10 ou qualquer ajuda q sempre serÃ¡ bem vinda!
AtÃ© mesmo sua oraÃ§Ã£o ou RT estarÃ¡ nos ajudando. 
E seguimos forte nessa batalha contra #LEUCEMIA 
Forte abraÃ§o pessoal e fiquem c/ Deus #PIX 05414214093
https://t.co/lMvKpeCaEH https://t.co/OgH8g0FEpW",Twitter for Android,21-05-2022 00:41:32,4,5
PedroğŸ“âš–pai da HELENA,"@fabiofaria Pessoal por favor nos ajudem
Nossa filha estÃ¡ c/#Leucemia e nÃ³s somos d interior d RS, VenÃ¢ncio Aires e o tratamento Ã© longo e POA.
Se afastamos d trabalho p/cuidar dela.
Qualquer ajuda Ã© bm vinda atÃ© oraÃ§Ãµes ou #Pix CPF 05414214093
Deem #RT e nos ajudem. 
https://t.co/lMvKpeCaEH https://t.co/XLWN0v54tq",Twitter for Android,21-05-2022 00:40:33,6,5
PedroğŸ“âš–pai da HELENA,"@jairbolsonaro Pessoal por favor nos ajudem
Nossa filha estÃ¡ c/#Leucemia e nÃ³s somos d interior d RS, VenÃ¢ncio Aires e o tratamento Ã© longo e POA.
Se afastamos d trabalho p/cuidar dela.
Qualquer ajuda Ã© bm vinda atÃ© oraÃ§Ãµes ou #Pix CPF 05414214093
Deem #RT e nos ajudem. 
https://t.co/lMvKpeCaEH https://t.co/jeEGkSX6Ob",Twitter for Android,21-05-2022 00:39:13,19,6
Henrique,"Estava pensando aqui, porque nÃ£o fazer uma brincadeira.... um pix um desejo. Quanto  custa seu desejo (fetiche)?Manda seu pix junto com seu desejo ,fetiche  que quer que eu realize.
Chave pix: 12981740787 (celular).
#pix  #putaria24h #videovazados #videodosirmaos  #feticheporpes",Twitter for Android,20-05-2022 23:45:50,0,0
PedroğŸ“âš–pai da HELENA,"@CarlosBolsonaro @viviapmeireles @radelgado62 @RenzoGracieBJJ @jairbolsonaro PatriotasğŸ‡§ğŸ‡·, pode ser R$ 1, 2, 3, 4, 5, 6, 7, 8, 9, 10 ou qualquer ajuda q sempre serÃ¡ bem vinda!
AtÃ© mesmo sua oraÃ§Ã£o ou RT estarÃ¡ nos ajudando. 
E seguimos forte nessa batalha contra #LEUCEMIA 
Forte abraÃ§o pessoal e fiquem c/ Deus #PIX 05414214093
https://t.co/lMvKpeCaEH",Twitter for Android,20-05-2022 23:38:27,2,2
PedroğŸ“âš–pai da HELENA,"@oiIuiz PatriotasğŸ‡§ğŸ‡·, pode ser R$ 1, 2, 3, 4, 5, 6, 7, 8, 9, 10 ou qualquer ajuda q sempre serÃ¡ bem vinda!
AtÃ© mesmo sua oraÃ§Ã£o ou RT estarÃ¡ nos ajudando. 
E seguimos forte nessa batalha contra #LEUCEMIA 
Forte abraÃ§o pessoal e fiquem c/ Deus #PIX 05414214093
https://t.co/lMvKpeCaEH https://t.co/Ne8MoQ9YI2",Twitter for Android,20-05-2022 23:31:19,171,75
PedroğŸ“âš–pai da HELENA,"@Biakicis Pessoal por favor nos ajudem
Nossa filha estÃ¡ c/#Leucemia e nÃ³s somos d interior d RS, VenÃ¢ncio Aires e o tratamento Ã© longo e POA.
Se afastamos d trabalho p/cuidar dela.
Qualquer ajuda Ã© bm vinda atÃ© oraÃ§Ãµes ou #Pix CPF 05414214093
Deem #RT e nos ajudem. 
https://t.co/lMvKpeCaEH https://t.co/0i1omPh3QW",Twitter for Android,20-05-2022 23:24:38,9,6
PedroğŸ“âš–pai da HELENA,"@FlavioBolsonaro Pessoal por favor nos ajudem
Nossa filha estÃ¡ c/#Leucemia e nÃ³s somos d interior d RS, VenÃ¢ncio Aires e o tratamento Ã© longo e POA.
Se afastamos d trabalho p/cuidar dela.
Qualquer ajuda Ã© bm vinda atÃ© oraÃ§Ãµes ou #Pix CPF 05414214093
Deem #RT e nos ajudem. 
https://t.co/lMvKpeCaEH https://t.co/X74sn9vDCX",Twitter for Android,20-05-2022 23:19:08,7,4
Billy,"Grupos destinados a vendas de conteÃºdos ğŸ”

ğŸ¥‚ QG DAS CHEFAS ğŸ¾ 

GRUPO 1
https://t.co/8ojzN88E4j

GRUPO 2
https://t.co/SrVvqNiEk0

GRUPO 3
https://t.co/Xz75FmSiMi 

GRUPO 4
https://t.co/iO8sK1yaZZ

#sexo #hot #packhot #pack #peck #garotadopix #pix #garotasdacamera #cangirl",Twitter for Android,20-05-2022 22:28:24,0,0
Billy,"Grupos destinados a vendas de conteÃºdos ğŸ”ğŸ”ğŸ”

Franquia Hottie hell

https://t.co/8bXLVqkU3G

https://t.co/19nhToSExj

#sexo #hot #packhot #pack #peck #garotadopix #pix #garotasdacamera #cangirl #strimer #private #onlifans #prive",Twitter for Android,20-05-2022 22:27:37,0,0
Billy,"As malÃ©volas 
 Grupos destinados a vendas de conteÃºdos ğŸ”

https://t.co/WkFvCuEmbv

https://t.co/mI49gVsmnR

#sexo #hot #packhot #pack #peck #garotadopix #pix #garotasdacamera #cangirl #strimer #private #onlifans #prive",Twitter for Android,20-05-2022 22:26:12,0,0
Billy,"Grupos destinados a venda de conteÃºdos ğŸ”

Bia e coleguinhas

https://t.co/YeNSdff2Wi

https://t.co/DnMiQzl4FN

#sexo #hot #packhot #pack #peck #garotadopix #pix #garotasdacamera #cangirl #strimer #private #onlifans #prive",Twitter for Android,20-05-2022 22:25:15,0,0
Billy,"Grupos destinados a vendas de conteÃºdos ğŸ”

dev@ssas 

1
https://t.co/tyVFABmFKb

2
https://t.co/VgxIP0kGOX

3
https://t.co/7DeLB5NvNL

#sexo #hot #packhot #pack #peck #garotadopix #pix #garotasdacamera #cangirl #strimer #private #onlifans #prive",Twitter for Android,20-05-2022 22:24:36,0,0
Billy,"Grupo destinado a venda de conteÃºdo ğŸ”

medrado

https://t.co/eS9YCgBjG2

#sexo #hot #packhot #pack #peck #garotadopix #pix #garotasdacamera #cangirl #strimer #private #onlifans #prive",Twitter for Android,20-05-2022 22:23:07,0,0
Bruno Laia,estou precisando de um pix de R$ 100 quem me ajuda? /: #ajuda #pix #pagamento #flamengo #solidario #solidariedade #coisatafeia,Twitter for Android,20-05-2022 22:23:07,0,0
Billy,"Grupos destinados a vendas de conteÃºdos ğŸ”
Grupo da Amy

https://t.co/wjM0MyF7oW

https://t.co/XxiflGoqj1

#sexo #hot #packhot #pack #peck #garotadopix #pix #garotasdacamera #cangirl #strimer #private #onlifans #prive",Twitter for Android,20-05-2022 22:21:59,0,0
Billy,"Grupos destinados a vendas de conteÃºdos ğŸ”ğŸ”

Franquia House

https://t.co/qpti3zOVBY

https://t.co/Hw1wUVZiOM

#sexo #hot #packhot #pack #peck #garotadopix #pix #garotasdacamera #cangirl #strimer #private #onlifans #prive",Twitter for Android,20-05-2022 22:20:58,0,0
Billy,"Grupos destinados a vendas de conteÃºdos ğŸ”

C@barÃ© do lip

https://t.co/wFpDXNP4M9

https://t.co/YeNSdff2Wi

#sexo #hot #packhot #pack #peck #garotadopix #pix #garotasdacamera #cangirl #strimer #private #onlifans #prive",Twitter for Android,20-05-2022 22:20:24,0,0
PedroğŸ“âš–pai da HELENA,"@jairbolsonaro Pessoal por favor nos ajudem
Nossa filha estÃ¡ c/#Leucemia e nÃ³s somos d interior d RS, VenÃ¢ncio Aires e o tratamento Ã© longo e POA.
Se afastamos d trabalho p/cuidar dela.
Qualquer ajuda Ã© bm vinda atÃ© oraÃ§Ãµes ou #Pix CPF 05414214093
Deem #RT e nos ajudem. 
https://t.co/lMvKpeCaEH https://t.co/sdLD6IZrJu",Twitter for Android,20-05-2022 22:16:21,47,7
PedroğŸ“âš–pai da HELENA,"@jairbolsonaro PatriotasğŸ‡§ğŸ‡·, pode ser R$ 1, 2, 3, 4, 5, 6, 7, 8, 9, 10 ou qualquer ajuda q sempre serÃ¡ bem vinda!
AtÃ© mesmo sua oraÃ§Ã£o ou RT estarÃ¡ nos ajudando. 
E seguimos forte nessa batalha contra #LEUCEMIA 
Forte abraÃ§o pessoal e fiquem c/ Deus #PIX 05414214093
https://t.co/lMvKpeCaEH https://t.co/btx3iNJa6x",Twitter for Android,20-05-2022 22:15:20,2,2
PedroğŸ“âš–pai da HELENA,"@Biakicis PatriotasğŸ‡§ğŸ‡·, pode ser R$ 1, 2, 3, 4, 5, 6, 7, 8, 9, 10 ou qualquer ajuda q sempre serÃ¡ bem vinda!
AtÃ© mesmo sua oraÃ§Ã£o ou RT estarÃ¡ nos ajudando. 
E seguimos forte nessa batalha contra #LEUCEMIA 
Forte abraÃ§o pessoal e fiquem c/ Deus #PIX 05414214093
https://t.co/lMvKpeCaEH https://t.co/rLXmgRRfkP",Twitter for Android,20-05-2022 21:52:59,4,4
Totty MaclauD,"Ã‰ @nubank, tÃ¡ ficando recorrente a instabilidade em poder usar o pix como meio de pagamento. #pix #nubank a simplicidade propagada pela empresa me parece nÃ£o estar tÃ£o simples assim.",Twitter for iPhone,20-05-2022 21:48:12,7,0
GABRIEL SIQUEIRA,"@nubank fiz um pix e nÃ£o caiu..... resolve logooooo
#nubank 
#pix",Twitter for Android,20-05-2022 21:41:39,3,0
PedroDeFelice,"Libera meu pix ai @nubank 
AtÃ© queria pagar a fatura de vcs, mas se o dinheiro nÃ£o entra fica complicado nÃ© bbs
#nubank #pix",Twitter Web App,20-05-2022 21:38:06,0,0
Rayanne Fernandes,@nubank meu dinheiro jÃ¡ debitou da conta origem e quando fui consultar nÃ£o caiu ainda na conta do Nu. CADÃŠ MEU PIX??? #nubank #pix,Twitter for Android,20-05-2022 21:33:16,1,0
Rafael Gouveia,"@nubank com instabilidade no app? Pix sem cair,e funcionalidades acusando falta de conexÃ£o... ğŸ¤”

#nubank #pix #instÃ¡vel",Twitter for Android,20-05-2022 21:23:30,0,0
PedroğŸ“âš–pai da HELENA,"@oiIuiz @elonmusk Pessoal por favor nos ajudem
Nossa filha estÃ¡ c/#Leucemia e nÃ³s somos d interior d RS, VenÃ¢ncio Aires e o tratamento Ã© longo e POA.
Se afastamos d trabalho p/cuidar dela.
Qualquer ajuda Ã© bm vinda atÃ© oraÃ§Ãµes ou #Pix CPF 05414214093
Deem #RT e nos ajudem. 
https://t.co/lMvKpeCaEH https://t.co/0tPuQ0sVy3",Twitter for Android,20-05-2022 21:20:15,9,9
PedroğŸ“âš–pai da HELENA,"@FlavioBolsonaro Pessoal por favor nos ajudem
Nossa filha estÃ¡ c/#Leucemia e nÃ³s somos d interior d RS, VenÃ¢ncio Aires e o tratamento Ã© longo e POA.
Se afastamos d trabalho p/cuidar dela.
Qualquer ajuda Ã© bm vinda atÃ© oraÃ§Ãµes ou #Pix CPF 05414214093
Deem #RT e nos ajudem. 
https://t.co/lMvKpeCaEH https://t.co/DkowizpHUM",Twitter for Android,20-05-2022 21:19:04,5,5
PedroğŸ“âš–pai da HELENA,"@rafaelbboa PatriotasğŸ‡§ğŸ‡·, pode ser R$ 1, 2, 3, 4, 5, 6, 7, 8, 9, 10 ou qualquer ajuda q sempre serÃ¡ bem vinda!
AtÃ© mesmo sua oraÃ§Ã£o ou RT estarÃ¡ nos ajudando. 
E seguimos forte nessa batalha contra #LEUCEMIA 
Forte abraÃ§o pessoal e fiquem c/ Deus #PIX 05414214093
https://t.co/lMvKpeCaEH",Twitter for Android,20-05-2022 21:19:01,2,1
Iris,uouuuu serÃ¡ se Ã© sÃ³ o meu nubank que tÃ¡ com problema? fiz dois pix de 100$ e atÃ© agora nÃ£o caiu #pix,Twitter for iPhone,20-05-2022 21:16:58,0,0
PedroğŸ“âš–pai da HELENA,"@Biakicis @jairbolsonaro @elonmusk @fabiofaria Pessoal por favor nos ajudem
Nossa filha estÃ¡ c/#Leucemia e nÃ³s somos d interior d RS, VenÃ¢ncio Aires e o tratamento Ã© longo e POA.
Se afastamos d trabalho p/cuidar dela.
Qualquer ajuda Ã© bm vinda atÃ© oraÃ§Ãµes ou #Pix CPF 05414214093
Deem #RT e nos ajudem. 
https://t.co/lMvKpeCaEH https://t.co/f3gUNncaHr",Twitter for Android,20-05-2022 21:00:16,9,8
PedroğŸ“âš–pai da HELENA,"@taoquei1 @Nemesisdec2012 Pessoal por favor nos ajudem
Nossa filha estÃ¡ c/#Leucemia e nÃ³s somos d interior d RS, VenÃ¢ncio Aires e o tratamento Ã© longo e POA.
Se afastamos d trabalho p/cuidar dela.
Qualquer ajuda Ã© bm vinda atÃ© oraÃ§Ãµes ou #Pix CPF 05414214093
Deem #RT e nos ajudem. 
https://t.co/lMvKpeCaEH https://t.co/21m3tciEVb",Twitter for Android,20-05-2022 20:59:12,18,11
Pleno.News,Vendedora devolve dinheiro que recebeu por engano via PIX #PIX https://t.co/e1u0pASRBf,Twitter Web App,20-05-2022 19:42:14,7,0
Canal Libras BR,"âš ï¸ğŸ“šAs inscriÃ§Ãµes para o #Enem2022 terminam neste sÃ¡bado (21). Os interessados em fazer o exame devem se inscrever pela PÃ¡gina do Participante. Pela primeira vez, o pagamento da taxa de R$ 85 pode se feito por #PIX ou cartÃ£o de crÃ©dito. O #estudante pode pagar tambÃ©m pelo boleto. https://t.co/6UHiA6vPtL",Twitter Web App,20-05-2022 18:57:40,2,0
Canal EducaÃ§Ã£o,"ğŸ–¥ï¸ğŸ“±As inscriÃ§Ãµes para o #Enem2022 terminam neste sÃ¡bado (21). Os interessados em fazer o exame devem se inscrever pela PÃ¡gina do Participante. Pela primeira vez, o pagamento da taxa de R$ 85 pode se feito por #PIX ou cartÃ£o de crÃ©dito. O #estudante pode pagar tambÃ©m pelo boleto. https://t.co/W3FduGhchL",Twitter Web App,20-05-2022 18:56:10,1,0
Caio ğŸ€,"Ajudem a minha amiga!!

Essa rifa Ã© sÃ³ para quem mora nas imediaÃ§Ãµes da regiÃ£o metropolitana de Pernambuco ğŸ˜‰ #pernambuco #recife #rifa #pix #ajudemumaamiga https://t.co/X9AlY8SkMR",Twitter for Android,20-05-2022 17:48:31,0,0
analice,"Gente, acabei de cair em um #Golpe e perdi o Ãºnico dinheiro que eu tinha
#golpedopix
#Policia #BH #beloHorizonte #ajude #PIX https://t.co/HVtU9a42Os",Twitter for Android,20-05-2022 17:35:59,0,0
PedroğŸ“âš–pai da HELENA,"@GFiuza_Oficial Pessoal por favor nos ajudem
Nossa filha estÃ¡ c/#Leucemia e nÃ³s somos d interior d RS, VenÃ¢ncio Aires e o tratamento Ã© longo e POA.
Se afastamos d trabalho p/cuidar dela.
Qualquer ajuda Ã© bm vinda atÃ© oraÃ§Ãµes ou #Pix CPF 05414214093
Deem #RT e nos ajudem. 
https://t.co/lMvKpeCaEH https://t.co/wL83JMLVkP",Twitter for Android,20-05-2022 17:22:03,11,5
PedroğŸ“âš–pai da HELENA,"@oiIuiz PatriotasğŸ‡§ğŸ‡·, pode ser R$ 1, 2, 3, 4, 5, 6, 7, 8, 9, 10 ou qualquer ajuda q sempre serÃ¡ bem vinda!
AtÃ© mesmo sua oraÃ§Ã£o ou RT estarÃ¡ nos ajudando. 
E seguimos forte nessa batalha contra #LEUCEMIA 
Forte abraÃ§o pessoal e fiquem c/ Deus #PIX 05414214093
https://t.co/lMvKpeCaEH",Twitter for Android,20-05-2022 17:18:58,1,0
PedroğŸ“âš–pai da HELENA,"@BolsonaroSP PatriotasğŸ‡§ğŸ‡·, pode ser R$ 1, 2, 3, 4, 5, 6, 7, 8, 9, 10 ou qualquer ajuda q sempre serÃ¡ bem vinda!
AtÃ© mesmo sua oraÃ§Ã£o ou RT estarÃ¡ nos ajudando. 
E seguimos forte nessa batalha contra #LEUCEMIA 
Forte abraÃ§o pessoal e fiquem c/ Deus #PIX 05414214093
https://t.co/lMvKpeCaEH",Twitter for Android,20-05-2022 17:10:02,3,2
Finsiders.com.br,"O @MercadoPagoBR passa a disponibilizar a partir de agora o serviÃ§o de iniciaÃ§Ã£o de pagamentos para compras com Pix no e-commerce.

#Finsiders #ecommerce #payments #Pix #iniciaÃ§Ã£o #fintechs

https://t.co/yg0O6RVWO8",TweetDeck,20-05-2022 17:09:24,1,0
PedroğŸ“âš–pai da HELENA,"@ArthurLira_ PatriotasğŸ‡§ğŸ‡·, pode ser R$ 1, 2, 3, 4, 5, 6, 7, 8, 9, 10 ou qualquer ajuda q sempre serÃ¡ bem vinda!
AtÃ© mesmo sua oraÃ§Ã£o ou RT estarÃ¡ nos ajudando. 
E seguimos forte nessa batalha contra #LEUCEMIA 
Forte abraÃ§o pessoal e fiquem c/ Deus #PIX 05414214093
https://t.co/lMvKpeCaEH",Twitter for Android,20-05-2022 17:08:35,4,4
PedroğŸ“âš–pai da HELENA,"@ArthurLira_ Pessoal por favor nos ajudem
Nossa filha estÃ¡ c/#Leucemia e nÃ³s somos d interior d RS, VenÃ¢ncio Aires e o tratamento Ã© longo e POA.
Se afastamos d trabalho p/cuidar dela.
Qualquer ajuda Ã© bm vinda atÃ© oraÃ§Ãµes ou #Pix CPF 05414214093
Deem #RT e nos ajudem. 
https://t.co/lMvKpeCaEH https://t.co/7aWcdIB6wa",Twitter for Android,20-05-2022 17:08:11,8,4
Â¯kafÄ™19`+,Banco Ã© condenado a pagar indenizaÃ§Ã£o por ligar para pessoa errada https://t.co/hCJv9gogRO #pix #News ğŸ¤‘ğŸ™ƒğŸš¨,Twitter Web App,20-05-2022 17:01:23,1,1
PedroğŸ“âš–pai da HELENA,"@VlogdoLisboa @elonmusk @jairbolsonaro PatriotasğŸ‡§ğŸ‡·, pode ser R$ 1, 2, 3, 4, 5, 6, 7, 8, 9, 10 ou qualquer ajuda q sempre serÃ¡ bem vinda!
AtÃ© mesmo sua oraÃ§Ã£o ou RT estarÃ¡ nos ajudando. 
E seguimos forte nessa batalha contra #LEUCEMIA 
Forte abraÃ§o pessoal e fiquem c/ Deus #PIX 05414214093
https://t.co/lMvKpeCaEH",Twitter for Android,20-05-2022 16:54:12,8,5
PedroğŸ“âš–pai da HELENA,"@LucianoHangBr PatriotasğŸ‡§ğŸ‡·, pode ser R$ 1, 2, 3, 4, 5, 6, 7, 8, 9, 10 ou qualquer ajuda q sempre serÃ¡ bem vinda!
AtÃ© mesmo sua oraÃ§Ã£o ou RT estarÃ¡ nos ajudando. 
E seguimos forte nessa batalha contra #LEUCEMIA 
Forte abraÃ§o pessoal e fiquem c/ Deus #PIX 05414214093
https://t.co/lMvKpeCaEH",Twitter for Android,20-05-2022 16:52:06,12,4
Â¯kafÄ™19`+,Tds SFDS_Ckerrimoss ğŸ’ªğŸ¾â˜ ï¸ğŸ˜±ğŸ¤‘ğŸ˜˜ğŸ˜³ #News #pix #bbc https://t.co/TPzJoQwotG,Twitter Web App,20-05-2022 16:14:47,1,1
valentinotoon,"Olha lÃ¡, Ã© os PIX Blinders!
Aguardando o PiX cair pra sextar...

ğŸ’°ğŸ“±ğŸ“²âœğŸ¤ŸğŸ¤™

#pix #peakyblinders #netflix #play #tirinha #valente #valentino #toon #cartoon #desenhos #humor #rasta #trancinhas #cronica #bestoftheday #twitter https://t.co/5SF6Hq6vaD",Twitter for Android,20-05-2022 15:48:35,0,0
PedroğŸ“âš–pai da HELENA,"@jairbolsonaro @elonmusk @fabiofaria Pessoal por favor nos ajudem
Nossa filha estÃ¡ c/#Leucemia e nÃ³s somos d interior d RS, VenÃ¢ncio Aires e o tratamento Ã© longo e POA.
Se afastamos d trabalho p/cuidar dela.
Qualquer ajuda Ã© bm vinda atÃ© oraÃ§Ãµes ou #Pix CPF 05414214093
Deem #RT e nos ajudem. 
https://t.co/lMvKpeCaEH https://t.co/HSZlZgtrqM",Twitter for Android,20-05-2022 15:39:35,30,17
PedroğŸ“âš–pai da HELENA,"@taoquei1 Pessoal por favor nos ajudem
Nossa filha estÃ¡ c/#Leucemia e nÃ³s somos d interior d RS, VenÃ¢ncio Aires e o tratamento Ã© longo e POA.
Se afastamos d trabalho p/cuidar dela.
Qualquer ajuda Ã© bm vinda atÃ© oraÃ§Ãµes ou #Pix CPF 05414214093
Deem #RT e nos ajudem. 
https://t.co/lMvKpeCaEH https://t.co/xVEKgynxgU",Twitter for Android,20-05-2022 15:30:05,21,15
PedroğŸ“âš–pai da HELENA,"@taoquei1 PatriotasğŸ‡§ğŸ‡·, pode ser R$ 1, 2, 3, 4, 5, 6, 7, 8, 9, 10 ou qualquer ajuda q sempre serÃ¡ bem vinda!
AtÃ© mesmo sua oraÃ§Ã£o ou RT estarÃ¡ nos ajudando. 
E seguimos forte nessa batalha contra #LEUCEMIA 
Forte abraÃ§o pessoal e fiquem c/ Deus #PIX 05414214093
https://t.co/lMvKpeCaEH https://t.co/dC7V1MHuS3",Twitter for Android,20-05-2022 15:18:19,16,4
JoÃ£o Victor Wenderroscky,"Bling Story - Como Sacar pelo Pix? Prova de Pagamento #Pix, Pagou na hora! https://t.co/rfyyGsWMCG via @YouTube",Twitter Web App,20-05-2022 15:13:58,0,0
Henrique,"Quando o puto promete  aquele pix  para sexta... o Pau atÃ© cresce, cadÃª os putos que curti  mandar aquele pix ? SÃ³ mandar ( Pix: 12981740687).
#PIX #Submissa #gaybrasil #Putariazinha #punhetagay #Punheteiros #putaria24 #putarianamadruga https://t.co/rTkomNTNWc",Twitter for Android,20-05-2022 14:32:49,4,0
REVISTA APÃ“LICE,"A seguradora passa a oferecer cobertura para transaÃ§Ãµes indevidas com o PIX, ampliada tambÃ©m para as modalidades DOC, TED e TEF. #pix #seguro #revistaapolice

https://t.co/rqu9tZgzVW",Twitter Web App,20-05-2022 12:36:29,0,0
PedroğŸ“âš–pai da HELENA,"@JovemPanNews PatriotasğŸ‡§ğŸ‡·, pode ser R$ 1, 2, 3, 4, 5, 6, 7, 8, 9, 10 ou qualquer ajuda q sempre serÃ¡ bem vinda!
AtÃ© mesmo sua oraÃ§Ã£o ou RT estarÃ¡ nos ajudando. 
E seguimos forte nessa batalha contra #LEUCEMIA 
Forte abraÃ§o pessoal e fiquem c/ Deus #PIX 05414214093
https://t.co/lMvKpeCaEH",Twitter for Android,20-05-2022 12:14:43,1,0
PedroğŸ“âš–pai da HELENA,"@reportersalles PatriotasğŸ‡§ğŸ‡·, pode ser R$ 1, 2, 3, 4, 5, 6, 7, 8, 9, 10 ou qualquer ajuda q sempre serÃ¡ bem vinda!
AtÃ© mesmo sua oraÃ§Ã£o ou RT estarÃ¡ nos ajudando. 
E seguimos forte nessa batalha contra #LEUCEMIA 
Forte abraÃ§o pessoal e fiquem c/ Deus #PIX 05414214093
https://t.co/lMvKpeCaEH",Twitter for Android,20-05-2022 11:56:29,1,0
Prof. Francisco Alexandre ğŸ‡§ğŸ‡·,"@tainadepaularj @catuveiga_ @cirogomes @gduvivier No #bot.
No #pix.
No #MiliciaDigital.

Tem muita militÃ¢ncia da #TurmaBoa.

Lula jÃ¡ teve sua militÃ¢ncia 0800, mas enganou e iludiu muito. Quase tod@s correram.

#PrefiroCiro
ğŸ•Šï¸ğŸŒ¹",Twitter for Android,20-05-2022 11:34:25,3,0
PedroğŸ“âš–pai da HELENA,"@jairbolsonaro @CGUonline @WRosarioCGU Pessoal por favor nos ajudem
Nossa filha estÃ¡ c/#Leucemia e nÃ³s somos d interior d RS, VenÃ¢ncio Aires e o tratamento Ã© longo e POA.
Se afastamos d trabalho p/cuidar dela.
Qualquer ajuda Ã© bm vinda atÃ© oraÃ§Ãµes ou #Pix CPF 05414214093
Deem #RT e nos ajudem. 
https://t.co/lMvKpeCaEH https://t.co/IITstT7iWc",Twitter for Android,20-05-2022 11:31:39,6,6
PedroğŸ“âš–pai da HELENA,"@jairbolsonaro @secomvc @govbr PatriotasğŸ‡§ğŸ‡·, pode ser R$ 1, 2, 3, 4, 5, 6, 7, 8, 9, 10 ou qualquer ajuda q sempre serÃ¡ bem vinda!
AtÃ© mesmo sua oraÃ§Ã£o ou RT estarÃ¡ nos ajudando. 
E seguimos forte nessa batalha contra #LEUCEMIA 
Forte abraÃ§o pessoal e fiquem c/ Deus #PIX 05414214093
https://t.co/lMvKpeCaEH https://t.co/b5ZMIN4UWx",Twitter for Android,20-05-2022 11:29:58,12,10
PedroğŸ“âš–pai da HELENA,"@taoquei1 Pessoal por favor nos ajudem
Nossa filha estÃ¡ c/#Leucemia e nÃ³s somos d interior d RS, VenÃ¢ncio Aires e o tratamento Ã© longo e POA.
Se afastamos d trabalho p/cuidar dela.
Qualquer ajuda Ã© bm vinda atÃ© oraÃ§Ãµes ou #Pix CPF 05414214093
Deem #RT e nos ajudem. 
https://t.co/lMvKpeCaEH https://t.co/CA6xduRSbN",Twitter for Android,20-05-2022 03:12:08,14,13
PedroğŸ“âš–pai da HELENA,"@JovemPanNews @moebiustrade PatriotasğŸ‡§ğŸ‡·, pode ser R$ 1, 2, 3, 4, 5, 6, 7, 8, 9, 10 ou qualquer ajuda q sempre serÃ¡ bem vinda!
AtÃ© mesmo sua oraÃ§Ã£o ou RT estarÃ¡ nos ajudando. 
E seguimos forte nessa batalha contra #LEUCEMIA 
Forte abraÃ§o pessoal e fiquem c/ Deus #PIX 05414214093
https://t.co/lMvKpeCaEH",Twitter for Android,20-05-2022 03:10:32,1,1
PedroğŸ“âš–pai da HELENA,"@JovemPanNews PatriotasğŸ‡§ğŸ‡·, pode ser R$ 1, 2, 3, 4, 5, 6, 7, 8, 9, 10 ou qualquer ajuda q sempre serÃ¡ bem vinda!
AtÃ© mesmo sua oraÃ§Ã£o ou RT estarÃ¡ nos ajudando. 
E seguimos forte nessa batalha contra #LEUCEMIA 
Forte abraÃ§o pessoal e fiquem c/ Deus #PIX 05414214093
https://t.co/lMvKpeCaEH",Twitter for Android,20-05-2022 03:09:39,2,2
PedroğŸ“âš–pai da HELENA,"@taoquei1 Pessoal por favor nos ajudem
Nossa filha estÃ¡ c/#Leucemia e nÃ³s somos d interior d RS, VenÃ¢ncio Aires e o tratamento Ã© longo e POA.
Se afastamos d trabalho p/cuidar dela.
Qualquer ajuda Ã© bm vinda atÃ© oraÃ§Ãµes ou #Pix CPF 05414214093
Deem #RT e nos ajudem. 
https://t.co/lMvKpeCaEH https://t.co/4fGVQ2oxmZ",Twitter for Android,20-05-2022 03:00:16,14,8
PedroğŸ“âš–pai da HELENA,"@taoquei1 PatriotasğŸ‡§ğŸ‡·, pode ser R$ 1, 2, 3, 4, 5, 6, 7, 8, 9, 10 ou qualquer ajuda q sempre serÃ¡ bem vinda!
AtÃ© mesmo sua oraÃ§Ã£o ou RT estarÃ¡ nos ajudando. 
E seguimos forte nessa batalha contra #LEUCEMIA 
Forte abraÃ§o pessoal e fiquem c/ Deus #PIX 05414214093
https://t.co/lMvKpeCaEH https://t.co/UZBUTcF4LL",Twitter for Android,20-05-2022 03:00:16,28,20
PedroğŸ“âš–pai da HELENA,"@alesilva_38 PatriotasğŸ‡§ğŸ‡·, pode ser R$ 1, 2, 3, 4, 5, 6, 7, 8, 9, 10 ou qualquer ajuda q sempre serÃ¡ bem vinda!
AtÃ© mesmo sua oraÃ§Ã£o ou RT estarÃ¡ nos ajudando. 
E seguimos forte nessa batalha contra #LEUCEMIA 
Forte abraÃ§o pessoal e fiquem c/ Deus #PIX 05414214093
https://t.co/lMvKpeCaEH",Twitter for Android,20-05-2022 02:59:41,2,1
Jornal ContÃ¡bil,"Os pagamentos do saque extraordinÃ¡rio do FGTS estÃ£o acontecendo e o valor Ã© depositado em Conta PoupanÃ§a Social Digital, aberta automaticamente pela CAIXA em nome dos trabalhadores.

https://t.co/GFpy3tjqtu

#pix #sistemadepagamento #chavespix #bancos #caixatem",mLabs - GestÃ£o de Redes Sociais,20-05-2022 02:00:01,0,0
Cristian,"Queria acordar amanhÃ£ e ter um Pix de 10.000 na minha conta ğŸ˜´ Deus, se for da sua vontade, seu filho estÃ¡ pronto ğŸ™ŒğŸ¼ #Memes #pix",Twitter for iPhone,20-05-2022 01:30:08,0,0
PedroğŸ“âš–pai da HELENA,"@jairbolsonaro Pessoal por favor nos ajudem
Nossa filha estÃ¡ c/#Leucemia e nÃ³s somos d interior d RS, VenÃ¢ncio Aires e o tratamento Ã© longo e POA.
Se afastamos d trabalho p/cuidar dela.
Qualquer ajuda Ã© bm vinda atÃ© oraÃ§Ãµes ou #Pix CPF 05414214093
Deem #RT e nos ajudem. 
https://t.co/lMvKpeCaEH https://t.co/iJQZYIkdra",Twitter for Android,20-05-2022 01:23:13,10,5
PedroğŸ“âš–pai da HELENA,"@jairbolsonaro PatriotasğŸ‡§ğŸ‡·, pode ser R$ 1, 2, 3, 4, 5, 6, 7, 8, 9, 10 ou qualquer ajuda q sempre serÃ¡ bem vinda!
AtÃ© mesmo sua oraÃ§Ã£o ou RT estarÃ¡ nos ajudando. 
E seguimos forte nessa batalha contra #LEUCEMIA 
Forte abraÃ§o pessoal e fiquem c/ Deus #PIX 05414214093
https://t.co/lMvKpeCaEH https://t.co/uTGjmEdzmq",Twitter for Android,20-05-2022 01:23:10,21,13
PedroğŸ“âš–pai da HELENA,"@alexandregarcia @YouTube Pessoal por favor nos ajudem
Nossa filha estÃ¡ c/#Leucemia e nÃ³s somos d interior d RS, VenÃ¢ncio Aires e o tratamento Ã© longo e POA.
Se afastamos d trabalho p/cuidar dela.
Qualquer ajuda Ã© bm vinda atÃ© oraÃ§Ãµes ou #Pix CPF 05414214093
Deem #RT e nos ajudem. 
https://t.co/lMvKpeCaEH https://t.co/jxSFvWZloF",Twitter for Android,20-05-2022 00:59:29,10,7
Divulga as Sexy's ğŸ”ğŸ”¥ğŸŒ¶ï¸,"Friozinho Gostoso

#rt #sexy #pix #Foto #PINTOSAWARDS #PINTOAWARSDS #exibicionista https://t.co/C1Gcp3aDKI",Twitter for Android,20-05-2022 00:52:49,1,0
PedroğŸ“âš–pai da HELENA,"@FlavioBolsonaro Pessoal por favor nos ajudem
Nossa filha estÃ¡ c/#Leucemia e nÃ³s somos d interior d RS, VenÃ¢ncio Aires e o tratamento Ã© longo e POA.
Se afastamos d trabalho p/cuidar dela.
Qualquer ajuda Ã© bm vinda atÃ© oraÃ§Ãµes ou #Pix CPF 05414214093
Deem #RT e nos ajudem. 
https://t.co/lMvKpeCaEH https://t.co/FGAJulJu15",Twitter for Android,20-05-2022 00:48:46,7,5
PedroğŸ“âš–pai da HELENA,"@Biakicis @ArthurLira_ @lpbragancabr @ccjc_camara PatriotasğŸ‡§ğŸ‡·, pode ser R$ 1, 2, 3, 4, 5, 6, 7, 8, 9, 10 ou qualquer ajuda q sempre serÃ¡ bem vinda!
AtÃ© mesmo sua oraÃ§Ã£o ou RT estarÃ¡ nos ajudando. 
E seguimos forte nessa batalha contra #LEUCEMIA 
Forte abraÃ§o pessoal e fiquem c/ Deus #PIX 05414214093
https://t.co/lMvKpeCaEH https://t.co/htDBQYWat2",Twitter for Android,20-05-2022 00:46:41,6,6
PedroğŸ“âš–pai da HELENA,"@taoquei1 Pessoal por favor nos ajudem
Nossa filha estÃ¡ c/#Leucemia e nÃ³s somos d interior d RS, VenÃ¢ncio Aires e o tratamento Ã© longo e POA.
Se afastamos d trabalho p/cuidar dela.
Qualquer ajuda Ã© bm vinda atÃ© oraÃ§Ãµes ou #Pix CPF 05414214093
Deem #RT e nos ajudem. 
https://t.co/lMvKpeCaEH https://t.co/8KWBUPI3Xw",Twitter for Android,20-05-2022 00:35:37,16,11
PedroğŸ“âš–pai da HELENA,"@oiIuiz Pessoal por favor nos ajudem
Nossa filha estÃ¡ c/#Leucemia e nÃ³s somos d interior d RS, VenÃ¢ncio Aires e o tratamento Ã© longo e POA.
Se afastamos d trabalho p/cuidar dela.
Qualquer ajuda Ã© bm vinda atÃ© oraÃ§Ãµes ou #Pix CPF 05414214093
Deem #RT e nos ajudem. 
https://t.co/lMvKpeCaEH https://t.co/iLLrdrDNTH",Twitter for Android,19-05-2022 23:48:48,17,14
PedroğŸ“âš–pai da HELENA,"@FlavioBolsonaro Pessoal por favor nos ajudem
Nossa filha estÃ¡ c/#Leucemia e nÃ³s somos d interior d RS, VenÃ¢ncio Aires e o tratamento Ã© longo e POA.
Se afastamos d trabalho p/cuidar dela.
Qualquer ajuda Ã© bm vinda atÃ© oraÃ§Ãµes ou #Pix CPF 05414214093
Deem #RT e nos ajudem. 
https://t.co/lMvKpeCaEH https://t.co/I0J0D4O2eQ",Twitter for Android,19-05-2022 23:07:51,1,0
AGOSTO COIMBRA,"SÃ³ queria aquela coisa que comeÃ§a com P e tem 3 letrasâ€¦

                        P _  _

Isso mesmo #PIX",Twitter for iPhone,19-05-2022 22:49:07,1,0
Vamos Ser Livres Junto Pelo Brasil,"Por que a @alelobrasil  nÃ£o faz #pix mas faz transferÃªncia?
1) porque nÃ£o tem tecnologia
2)por que nÃ£o e paga taxa
3)por que querem nota as mÃ£o no dinheiro do trabalhador",Twitter for Android,19-05-2022 22:26:32,1,0
PedroğŸ“âš–pai da HELENA,"@oiIuiz Pessoal por favor nos ajudem
Nossa filha estÃ¡ c/#Leucemia e nÃ³s somos d interior d RS, VenÃ¢ncio Aires e o tratamento Ã© longo e POA.
Se afastamos d trabalho p/cuidar dela.
Qualquer ajuda Ã© bm vinda atÃ© oraÃ§Ãµes ou #Pix CPF 05414214093
Deem #RT e nos ajudem. 
https://t.co/lMvKpeCaEH https://t.co/MqNyCrQvk1",Twitter for Android,19-05-2022 22:20:18,111,63
PedroğŸ“âš–pai da HELENA,"@oiIuiz PatriotasğŸ‡§ğŸ‡·, pode ser R$ 1, 2, 3, 4, 5, 6, 7, 8, 9, 10 ou qualquer ajuda q sempre serÃ¡ bem vinda!
AtÃ© mesmo sua oraÃ§Ã£o ou RT estarÃ¡ nos ajudando. 
E seguimos forte nessa batalha contra #LEUCEMIA 
Forte abraÃ§o pessoal e fiquem c/ Deus #PIX 05414214093
https://t.co/lMvKpeCaEH https://t.co/OiwoLqAJPE",Twitter for Android,19-05-2022 22:10:46,6,5
PedroğŸ“âš–pai da HELENA,"@fabifbbr @brom_elisa @jairbolsonaro PatriotasğŸ‡§ğŸ‡·, pode ser R$ 1, 2, 3, 4, 5, 6, 7, 8, 9, 10 ou qualquer ajuda q sempre serÃ¡ bem vinda!
AtÃ© mesmo sua oraÃ§Ã£o ou RT estarÃ¡ nos ajudando. 
E seguimos forte nessa batalha contra #LEUCEMIA 
Forte abraÃ§o pessoal e fiquem c/ Deus #PIX 05414214093
https://t.co/lMvKpeCaEH",Twitter for Android,19-05-2022 22:09:03,1,0
Massagista no Centro do Rio de Janeiro RJ,"Leite ficou dentro, que isso novinho?

#bare #sexo #barebackcreampie #nopelo #semcapa #BarebackTop #bareback #leitada #leitedentro #Skokka #vivalocal #fatalmodel #GP #gprj #cafuÃ§u #pix #boy #boyrj #boycarioca #carioca https://t.co/5O8WJ2e6wl",Twitter for Android,19-05-2022 21:37:46,50,4
Portal EstaÃ§Ã£o,"Saiba como fazer Saque Pix.
Clique aqui e entenda mais:

https://t.co/FIcAvya3k4

#pix https://t.co/v0voZu4rja",Twitter Web App,19-05-2022 21:34:22,0,0
Beatriz__Santos,"ALGUÃ‰M FAZ UM PIX PRA MIM? KKKKKKK
#PIX",Twitter for Android,19-05-2022 21:32:11,0,0
PedroğŸ“âš–pai da HELENA,"@tarcisiogdf Pessoal por favor nos ajudem
Nossa filha estÃ¡ c/#Leucemia e nÃ³s somos d interior d RS, VenÃ¢ncio Aires e o tratamento Ã© longo e POA.
Se afastamos d trabalho p/cuidar dela.
Qualquer ajuda Ã© bm vinda atÃ© oraÃ§Ãµes ou #Pix CPF 05414214093
Deem #RT e nos ajudem. 
https://t.co/lMvKpeCaEH https://t.co/ZbQ0axSbDm",Twitter for Android,19-05-2022 21:29:17,22,18
PedroğŸ“âš–pai da HELENA,"@Biakicis Pessoal por favor nos ajudem
Nossa filha estÃ¡ c/#Leucemia e nÃ³s somos d interior d RS, VenÃ¢ncio Aires e o tratamento Ã© longo e POA.
Se afastamos d trabalho p/cuidar dela.
Qualquer ajuda Ã© bm vinda atÃ© oraÃ§Ãµes ou #Pix CPF 05414214093
Deem #RT e nos ajudem. 
https://t.co/lMvKpeCaEH https://t.co/rDBkp9rZXQ",Twitter for Android,19-05-2022 21:26:52,4,6
PedroğŸ“âš–pai da HELENA,"@jairbolsonaro @taoquei1 Pessoal por favor nos ajudem
Nossa filha estÃ¡ c/#Leucemia e nÃ³s somos d interior d RS, VenÃ¢ncio Aires e o tratamento Ã© longo e POA.
Se afastamos d trabalho p/cuidar dela.
Qualquer ajuda Ã© bm vinda atÃ© oraÃ§Ãµes ou #Pix CPF 05414214093
Deem #RT e nos ajudem. 
https://t.co/lMvKpeCaEH https://t.co/mc40jpHmlW",Twitter for Android,19-05-2022 19:12:01,8,7
PedroğŸ“âš–pai da HELENA,"@taoquei1 PatriotasğŸ‡§ğŸ‡·, pode ser R$ 1, 2, 3, 4, 5, 6, 7, 8, 9, 10 ou qualquer ajuda q sempre serÃ¡ bem vinda!
AtÃ© mesmo sua oraÃ§Ã£o ou RT estarÃ¡ nos ajudando. 
E seguimos forte nessa batalha contra #LEUCEMIA 
Forte abraÃ§o pessoal e fiquem c/ Deus #PIX 05414214093
https://t.co/lMvKpeCaEH https://t.co/IjWIVMJILm",Twitter for Android,19-05-2022 19:08:13,19,9
ğ•½ğ–†ğ–‡ğ–ğ–˜ğ–ˆğ–†ğ–‰ğ–”,"Bom dia! Acordei do jeitinho que o canil gosta... Doido pra drenar capacho ğŸ¤‘ğŸ”¥
Vem na DM que o estrago vai ser grande!
Vem de pix. Pra ver mais do riscadinho 
#cashmaster #domination #submisive #cash #pix https://t.co/M4atTgAdBt",Twitter for iPhone,19-05-2022 18:49:52,15,3
Billy,"ğŸ’› *Grupos destinados a vendas de conteÃºdo ğŸ”* ğŸ’›

ğŸ’› *Grupos da nossa Rede* ğŸ’›

â¤ï¸ 
https://t.co/zvj10uCSmr

ğŸ’— 
https://t.co/wSyQEhlLOx

#sexo #hot #packhot #pack #peck #garotadopix #pix #garotasdacamera #cangirl #strimer #private #onlifans #prive",Twitter for Android,19-05-2022 18:19:06,0,0
Billy,"Grupos da Lucy 

â¤Grupos destinados a vendas de conteÃºdos ğŸ”â¤

â¤ï¸ Club Vendas 

https://t.co/oYgI7zeXWW

ğŸ§¡ Amigas

https://t.co/MbAKxZy0Ss

#sexo #hot #packhot #pack #peck #garotadopix #pix #garotasdacamera #cangirl #strimer #private #onlifans #prive",Twitter for Android,19-05-2022 18:17:25,0,0
Billy,"Grupos destinados a vendas de conteÃºdos ğŸ”

ğŸ¥‚ QG DAS CHEFAS ğŸ¾ 

GRUPO 1
https://t.co/8ojzN8qeVR

GRUPO 2
https://t.co/SrVvqN12Vq

GRUPO 3
https://t.co/Xz75Fn9TDQ 

GRUPO 4
https://t.co/iO8sK1PLRx

#sexo #hot #packhot #pack #peck #garotadopix #pix #garotasdacamera #cangirl",Twitter for Android,19-05-2022 18:15:13,0,0
Billy,"Grupos destinados a vendas de conteÃºdos ğŸ”ğŸ”ğŸ”

Franquia Hottie hell

https://t.co/8bXLVq3iF6

https://t.co/19nhTpafoR

#sexo #hot #packhot #pack #peck #garotadopix #pix #garotasdacamera #cangirl #strimer #private #onlifans #prive",Twitter for Android,19-05-2022 18:14:02,0,0
Billy,"As malÃ©volas 
 Grupos destinados a vendas de conteÃºdos ğŸ”

https://t.co/WkFvCumKMV

https://t.co/mI49gVJXfp

#sexo #hot #packhot #pack #peck #garotadopix #pix #garotasdacamera #cangirl #strimer #private #onlifans #prive",Twitter for Android,19-05-2022 18:04:59,0,0
Billy,"Grupos destinados a venda de conteÃºdos ğŸ”

Bia e coleguinhas

https://t.co/YeNSdff2Wi

https://t.co/DnMiQzl4FN

#sexo #hot #packhot #pack #peck #garotadopix #pix #garotasdacamera #cangirl #strimer #private #onlifans #prive",Twitter for Android,19-05-2022 18:04:01,0,0
Billy,"Grupos destinados a vendas de conteÃºdos ğŸ”

dev@ssas 

1

https://t.co/tyVFAB54lB

2

https://t.co/VgxIP035qn

3

https://t.co/7DeLB656Fj

#sexo #hot #packhot #pack #peck #garotadopix #pix #garotasdacamera #cangirl #strimer #private #onlifans #prive",Twitter for Android,19-05-2022 18:03:28,0,0
Billy,"Grupo destinado a venda de conteÃºdo ğŸ”

medrado

https://t.co/eS9YCgSUxA

#sexo #hot #packhot #pack #peck #garotadopix #pix #garotasdacamera #cangirl #strimer #private #onlifans #prive",Twitter for Android,19-05-2022 18:02:53,0,0
Billy,"Grupos destinados a vendas de conteÃºdos ğŸ”

Grupo da Amy
https://t.co/wjM0Mynw0m

https://t.co/XxiflG6OUr

#sexo #hot #packhot #pack #peck #garotadopix #pix #garotasdacamera #cangirl #strimer #private #onlifans #prive",Twitter for Android,19-05-2022 18:02:13,0,0
Billy,"Grupos destinados a vendas de conteÃºdos ğŸ”ğŸ”

Franquia House

https://t.co/qpti3zxkdo

https://t.co/Hw1wUVHHqc

#sexo #hot #packhot #pack #peck #garotadopix #pix #garotasdacamera #cangirl #strimer #private #onlifans #prive",Twitter for Android,19-05-2022 17:59:45,0,0
SpottedUFRJ,"Uma das ferramentas da web 3.0 Ã© a compra e venda de criptomoedas e a @loopipay veio para facilitar esse processo, permitindo a compra e venda com pix. 

Utilize o link no cadastro e ganhe taxa zero na primeira transaÃ§Ã£o.

https://t.co/qhACM5eKZl

#BITCOIN #pix #loopipay https://t.co/dDKCWxv0e2",Twitter for Android,19-05-2022 17:55:33,1,0
Rei do Pix,"Regras pra quem tem interesse 
#twitch #viraltwitter #pix https://t.co/mIHST8TkXV",Twitter for Android,19-05-2022 17:37:40,0,0
ğ‘¨ğ’ğ’†ğ’™ğ’‚ğ’ğ’…ğ’“ğ’† ğ‘½ğ’Šğ’…ğ’‚ğ’,"Quando o embaixador fala.. A
gente escuta!

Pagamento via pix Ã© uma super facilidade nos dias de hoje e, claro, a @betpix365combr nÃ£o fica atrÃ¡s, quando o assunto Ã© praticidade!

Depositou, apostou, sacou. Ã‰ assim que funciona!

#jogos #pix #pagamento #betpix365 https://t.co/X0iDZxOLaL",Twitter for iPhone,19-05-2022 17:37:32,5,1
TV BTC 247coin,"48% dos #brasileiros nÃ£o investem em #criptomoedas por falta de conhecimento, aponta pesquisa
//
#BrasilTemos o sistema de pagamento do #PIX
A  desnecessÃ¡rio o pagamento via criptomoedas

https://t.co/OonsTKWnNg",Twitter for Android,19-05-2022 17:14:28,0,0
Bielzin,"SÃ³ um pix pra me fazer feliz hoje, alguÃ©m faz? ğŸ¥º #pix #friends #amizade #",Twitter for iPhone,19-05-2022 15:30:34,0,0
Jornal ContÃ¡bil,"Os famosos cartÃµes de crÃ©dito, dividem opiniÃµes entre os brasileiros sobre o seu uso, ainda sim o serviÃ§o Ã© um dos meios de pagamentos mais utilizados pela populaÃ§Ã£o.

https://t.co/Lg993Sg9Ya

#cartoesporaproximacao #golpes #pix #cartÃµesdecrÃ©dito",mLabs - GestÃ£o de Redes Sociais,19-05-2022 13:13:57,0,0
SÃ³NotÃ­ciaBoa.com.br,"Mandou PIX para conta errada? Veja o que fazer: passo a passo
https://t.co/Yt6Uulfn83
#pix #errado #pixerrado #contaerrada #oquefazer #dinheiro #recuperar #passoapasso https://t.co/95bLHCZ7Xh",Twitter Web App,19-05-2022 12:28:43,5,0
MobPonto,"ğŸŒ SeguranÃ§a bancÃ¡ria: brasileiros compram celular para deixar em casa https://t.co/ggNMhecyv1

#banco #seguranÃ§a #ciberseguranÃ§a #finanÃ§as #economia #celular #smartphone #Pix #app #aplicativo #internetbanking https://t.co/bAKTRN1t8r",Twitter Web App,19-05-2022 12:03:14,0,0
Walmor Silva de Souza,"O que Ã© mais vantajoso? Alugar ou financiar um imÃ³vel? 

#BitcoinButton #pix #dolar #petrobras https://t.co/vGIzlqFVNq",Twitter for iPhone,19-05-2022 11:47:32,0,0
radiobagual.com ğŸ‡§ğŸ‡·ğŸª—ğŸ‡§ğŸ‡·,"https://t.co/EJojIsrioT

IMPOSTO DE RENDA

Prazo de entrega da declaraÃ§Ã£o do #ImpostoDeRenda termina no dia 31. A Receita Federal espera receber mais de 34 milhÃµes de declaraÃ§Ãµes. Este ano, a restituiÃ§Ã£o poderÃ¡ ser recebida via #Pix. Saiba mais com a repÃ³rter JÃ©ssica GonÃ§alves.",Twitter for Android,19-05-2022 11:37:21,0,0
JairMarchi,"#Russia de que adianta ter todo o #dinheiro do gasoduto no mundo, mas nÃ£o tem Conta Corrente! NÃ£o consegue enviar nenhum #PIX Seu #ouro vai #derreter",Twitter Web App,19-05-2022 11:22:53,0,0
67novinho,Meu aniversÃ¡rio chegando eu sÃ³ queria um #pix de um #SugarDaddys pra eu poder comprar um carro ğŸ¥ºâ¤ï¸,Twitter for iPhone,19-05-2022 05:16:35,0,0
ğŸŒ™â˜„ï¸,"@lunavondy EmprÃ©stimo 24 meses via #pix, pq ""dinheiro nao Ã© problema"", concordo, Ã© soluÃ§Ã£o hhahahahahhaha amanhÃ£ de noite vou te falar um negÃ³cio",Twitter for Android,19-05-2022 02:58:45,0,0
Machete Saldanha,"@MarcoAn37796222 @ciromilgrau EntÃ£o, esse eu nÃ£o conhecia, parabÃ©ns @ciromilgrau ! jÃ¡ tinha visto o prÃ³prio falando que o tema â€œParisâ€ era caso encerrado e exaltando a coragem de @senadorcidgomes por ter levado um tiro. O #PIX bateu forte ou foi um convite pro casamento?",Twitter for iPhone,19-05-2022 02:34:18,4,0
Divulgo as Gordinhas ğŸ˜ğŸ”¥,"Vai perder ? 

#rt #pix #Foto #bbw #gostosa #gordinhagostosa https://t.co/ZlAvwhHvzE",Twitter for Android,19-05-2022 01:56:59,1,0
PedroğŸ“âš–pai da HELENA,"@taoquei1 Pessoal por favor nos ajudem
Nossa filha estÃ¡ c/#Leucemia e nÃ³s somos d interior d RS, VenÃ¢ncio Aires e o tratamento Ã© longo e POA.
Se afastamos d trabalho p/cuidar dela.
Qualquer ajuda Ã© bm vinda atÃ© oraÃ§Ãµes ou #Pix CPF 05414214093
Deem #RT e nos ajudem. 
https://t.co/lMvKpeCaEH https://t.co/ivccRtsdNa",Twitter for Android,19-05-2022 01:33:57,15,10
PedroğŸ“âš–pai da HELENA,"@DamaresAlves PatriotasğŸ‡§ğŸ‡·, pode ser R$ 1, 2, 3, 4, 5, 6, 7, 8, 9, 10 ou qualquer ajuda q sempre serÃ¡ bem vinda!
AtÃ© mesmo sua oraÃ§Ã£o ou RT estarÃ¡ nos ajudando. 
E seguimos forte nessa batalha contra #LEUCEMIA 
Forte abraÃ§o pessoal e fiquem c/ Deus #PIX 05414214093
https://t.co/lMvKpeCaEH",Twitter for Android,19-05-2022 01:31:51,5,6
PedroğŸ“âš–pai da HELENA,"@jairbolsonaro Pessoal por favor nos ajudem
Nossa filha estÃ¡ c/#Leucemia e nÃ³s somos d interior d RS, VenÃ¢ncio Aires e o tratamento Ã© longo e POA.
Se afastamos d trabalho p/cuidar dela.
Qualquer ajuda Ã© bm vinda atÃ© oraÃ§Ãµes ou #Pix CPF 05414214093
Deem #RT e nos ajudem. 
https://t.co/lMvKpeCaEH https://t.co/tsirqcwurB",Twitter for Android,19-05-2022 01:10:04,22,7
PedroğŸ“âš–pai da HELENA,"@FlavioBolsonaro @SenadoFederal Pessoal por favor nos ajudem
Nossa filha estÃ¡ c/#Leucemia e nÃ³s somos d interior d RS, VenÃ¢ncio Aires e o tratamento Ã© longo e POA.
Se afastamos d trabalho p/cuidar dela.
Qualquer ajuda Ã© bm vinda atÃ© oraÃ§Ãµes ou #Pix CPF 05414214093
Deem #RT e nos ajudem. 
https://t.co/lMvKpeCaEH https://t.co/lbH5Az3aHB",Twitter for Android,19-05-2022 01:06:47,4,5
PedroğŸ“âš–pai da HELENA,"@FlavioBolsonaro Pessoal por favor nos ajudem
Nossa filha estÃ¡ c/#Leucemia e nÃ³s somos d interior d RS, VenÃ¢ncio Aires e o tratamento Ã© longo e POA.
Se afastamos d trabalho p/cuidar dela.
Qualquer ajuda Ã© bm vinda atÃ© oraÃ§Ãµes ou #Pix CPF 05414214093
Deem #RT e nos ajudem. 
https://t.co/lMvKpeCaEH https://t.co/y2twxaKztU",Twitter for Android,19-05-2022 00:49:36,5,5
PedroğŸ“âš–pai da HELENA,"@Biakicis @ArthurLira_ @DamaresAlves @MEC_Comunicacao @jairbolsonaro PatriotasğŸ‡§ğŸ‡·, pode ser R$ 1, 2, 3, 4, 5, 6, 7, 8, 9, 10 ou qualquer ajuda q sempre serÃ¡ bem vinda!
AtÃ© mesmo sua oraÃ§Ã£o ou RT estarÃ¡ nos ajudando. 
E seguimos forte nessa batalha contra #LEUCEMIA 
Forte abraÃ§o pessoal e fiquem c/ Deus #PIX 05414214093
https://t.co/lMvKpeCaEH https://t.co/wPNYdJbr5P",Twitter for Android,19-05-2022 00:44:53,17,9
depravadinha do interior,"alguÃ©m manda pix quero jantar e n tenho dinheiro pra comer na faculdade
#pix
#sugardady",Twitter for Android,18-05-2022 23:08:55,0,0
Junior Aluisio ğŸ…°ï¸ +,@C6Bank Em parte sim rs rs porque estÃ¡ difÃ­cil pagar a mensalidade da @TIMBrasil pela @C6Bank  via #PIX e receber os 4G de internet porque faz 2 semana que o App MEUTIM nÃ£o estÃ¡ funcionando e e geral para todos clientes. SÃ³ no meu CEP sÃ£o 4 smartphone e o App nÃ£o estÃ¡ funcionando Ajudai,Twitter for Android,18-05-2022 23:07:41,0,0
PedroğŸ“âš–pai da HELENA,"@tarcisiogdf Pessoal por favor nos ajudem
Nossa filha estÃ¡ c/#Leucemia e nÃ³s somos d interior d RS, VenÃ¢ncio Aires e o tratamento Ã© longo e POA.
Se afastamos d trabalho p/cuidar dela.
Qualquer ajuda Ã© bm vinda atÃ© oraÃ§Ãµes ou #Pix CPF 05414214093
Deem #RT e nos ajudem. 
https://t.co/lMvKpeCaEH https://t.co/O6ajwj3Ywe",Twitter for Android,18-05-2022 22:37:53,9,7
JairMarchi,"O #PIX foi bem aceito nas #operaÃ§Ãµes de #varejo, mas ainda nÃ£o atingiu sua totalidade 100%, as causas sÃ£o #medo e falta de #confianÃ§a! digamos que os mais velhinhos sÃ£o os mais resistentes e preferem os caixas eletrÃ´nicos, Mas tambÃ©m estÃ£o se tornando extintos pelos bancos.",Twitter Web App,18-05-2022 22:26:37,0,0
VerÃ´nica Kreitchmann,NORMALIZEM O PIX COMO PRESENTE DE ANIVERSÃRIO #pix,Twitter for iPhone,18-05-2022 22:04:21,0,1
Tudo Sobre Geografia,"CUIDADO! GOLPE DO PIX! Os bandidos estÃ£o cada vez mais expertos, estÃ£o sempre inovando para tentar pegar o seu dinheiro. Nesse vÃ­deo vocÃª vai aprender a se proteger do famoso GOLPE do PIX. #pix 
https://t.co/QQueGVxBIc",Twitter Web App,18-05-2022 21:37:33,0,0
PedroğŸ“âš–pai da HELENA,"@taoquei1 PatriotasğŸ‡§ğŸ‡·, pode ser R$ 1, 2, 3, 4, 5, 6, 7, 8, 9, 10 ou qualquer ajuda q sempre serÃ¡ bem vinda!
AtÃ© mesmo sua oraÃ§Ã£o ou RT estarÃ¡ nos ajudando. 
E seguimos forte nessa batalha contra #LEUCEMIA 
Forte abraÃ§o pessoal e fiquem c/ Deus #PIX 05414214093
https://t.co/lMvKpeCaEH https://t.co/TykxUExDh4",Twitter for Android,18-05-2022 21:31:20,19,14
Sammy ğŸ¥¶ğŸ©,"#NewProfilePic
sjkskskskskksks SLA o q tÃ´ fznd aqui
.....
....
...
..
.
#buzzlightyear  #Para #de #ler #curioso  #meFAZ #um #pix https://t.co/FNcRlXsxxU",Twitter for Android,18-05-2022 21:28:22,0,0
Robson Isidoro,Quando me pedem #pix https://t.co/i2R0yScsFk,Twitter for Android,18-05-2022 21:24:00,0,0
Codemarket,"Atualizado MÃ³dulo Pagamentos 5 em 1 - Pix, TransferÃªncia BancÃ¡ria, Pagar na Entrega e outros OpencartğŸ€ğŸ˜ƒ
- Adicionado dois modos de InformaÃ§Ã£o a parte, para o Confirmar Pedido e outro para a PÃ¡gina de Sucesso e Status
https://t.co/LoG3zNPTlk
#codemarket #opencart #ecommerce #pix https://t.co/C2PZE58Cml",Twitter Web App,18-05-2022 20:22:24,0,0
PedroğŸ“âš–pai da HELENA,"@taoquei1 Pessoal por favor nos ajudem
Nossa filha estÃ¡ c/#Leucemia e nÃ³s somos d interior d RS, VenÃ¢ncio Aires e o tratamento Ã© longo e POA.
Se afastamos d trabalho p/cuidar dela.
Qualquer ajuda Ã© bm vinda atÃ© oraÃ§Ãµes ou #Pix CPF 05414214093
Deem #RT e nos ajudem. 
https://t.co/lMvKpeCaEH https://t.co/w3bn39Fb1L",Twitter for Android,18-05-2022 19:39:15,150,90
PedroğŸ“âš–pai da HELENA,"@taoquei1 Pessoal por favor nos ajudem
Nossa filha estÃ¡ c/#Leucemia e nÃ³s somos d interior d RS, VenÃ¢ncio Aires e o tratamento Ã© longo e POA.
Se afastamos d trabalho p/cuidar dela.
Qualquer ajuda Ã© bm vinda atÃ© oraÃ§Ãµes ou #Pix CPF 05414214093
Deem #RT e nos ajudem. 
https://t.co/lMvKpeCaEH https://t.co/ar8kUdLRXh",Twitter for Android,18-05-2022 19:22:00,18,12
Ana Paula Matos,SÃ³ tire a minha #PAZ se for para fazer um #PIX,Twitter Web App,18-05-2022 19:18:54,0,0
GI0DO,"GI0DO
@Diog0_Xavier_
#liveopen
#LIVEON 
#LiveOnTwitch 
#LeagueOfLegends 
#todosporumm
#ranqueada
#ranked 
#streaming 
#Gameplay 
#stream
@RiotGamesBrasil

#diamond
#gomaster
#pdl
#AMA
#pix
#suporte

https://t.co/YtBw0byNiv

cola lÃ¡ mamo todos sz",Twitter Web App,18-05-2022 19:07:55,0,1
Marcus Dantas,"Vejam meu artigo publicado no Infor Channel aprofundando mais uma camada na transformaÃ§Ã£o digital no setor bancÃ¡rio e de meios de pagamento.

""A tecnologia Ã© fundamental, mas ela nÃ£o atua sozinha.""

#tecnologia #digital #bancodigital #pix #meiosdepagamentâ€¦https://t.co/QZEmYFzcxb",LinkedIn,18-05-2022 18:43:53,0,0
brotheragem 69,"E o pix da solidariedade tÃ¡ tendo ? 
#pixsolidario
#pix
#solidariedade",Twitter for Android,18-05-2022 18:28:19,0,0
Vivalocal_oficial,"Pix, boleto, cartÃ£o de crÃ©dito... NÃ£o faltam opÃ§Ãµes para criar seu anÃºncio no Vivalocal: https://t.co/5xfmddl95C

#formadepagamento #pix #vivalocal #anuncioonline https://t.co/gYMGNde1r8",Buffer,18-05-2022 17:10:03,1,0
Carol Souza,"Hoje sÃ³ um pix inesperado me faria feliz 

#pix #mandapix #Sugarmommy",Twitter for Android,18-05-2022 15:46:35,0,0
Vindi,"NÃ£o hÃ¡ dÃºvidas que o #Pix Ã© o meio de pagamento mais popular do momento. ğŸ¤‘

A automatizaÃ§Ã£o das cobranÃ§as via Pix permite que empresas recebam suas vendas recorrentes, planos e assinaturas com a inteligÃªncia exclusiva da Vindi.

Saiba mais! ğŸ‘‡
https://t.co/mwgADqZHn0",Etus Brasil,18-05-2022 14:50:02,0,0
JairMarchi,"ExperiÃªncia pÃ©ssima com a #Shopee #aviso #geral comprei um suporte celular para moto via #PIX a entrega que era para 7 dias, virou 30 dias, nÃ£o compre nada pela #Shopee! Sua #logistics estÃ¡ sofrendo problemas estruturais!",Twitter Web App,18-05-2022 14:48:58,0,0
Macley,"Percebemos que houve evoluÃ§Ã£o quando um novo golpe na praÃ§a comeÃ§a a ser aplicado. 
Na moda estÃ¡ o golpe do #pix, que Ã© fÃ¡cil nÃ£o cair. Antes de devolver o dinheiro pedido, olhe seu estrato bancÃ¡rio.
#mercadofinanceiro ,#condado, #estelionato",Twitter for Android,18-05-2022 13:39:51,0,0
PedroğŸ“âš–pai da HELENA,"@taoquei1 Pessoal por favor nos ajudem
Nossa filha estÃ¡ c/#Leucemia e nÃ³s somos d interior d RS, VenÃ¢ncio Aires e o tratamento Ã© longo e POA.
Se afastamos d trabalho p/cuidar dela.
Qualquer ajuda Ã© bm vinda atÃ© oraÃ§Ãµes ou #Pix CPF 05414214093
Deem #RT e nos ajudem. 
https://t.co/lMvKpeCaEH https://t.co/dVdc8RiOQM",Twitter for Android,18-05-2022 13:12:24,12,7
JoÃ£o Piva,MÃªs que vem Ã© meu aniversÃ¡rio...quem vai fazer um #PIX pra mim??ğŸ˜ https://t.co/h9W5BLrIQ7,Twitter for Android,18-05-2022 13:07:29,37,2
JairMarchi,"O #RecargaPay Ã³tima #ferramenta para #transaÃ§Ãµes, com ele se #paga boleto no #CC, envia #PIX na conta pelo CC (sujeito a taxas) uma sÃ©rie de serviÃ§os, emprÃ©stimos a curto prazo, Mas cuidado se ficar devedor, suas prÃ¡ticas #intraHacker te arrancam dinheiro do seu cartÃ£o salvo!",Twitter Web App,18-05-2022 12:38:10,0,0
JairMarchi,"#bancos se aproveitam do medo das pessoas pelas transaÃ§Ãµes de fraudes do #PIX oferecendo seguros! Ao criar uma #chave pix, use o seu #e_mail e faÃ§a transaÃ§Ã£o teste de R$ 1,00 atente para #salvar o contato e Pronto! o mecanismo fica no automÃ¡tico para futuras transaÃ§Ãµes! sem erro",Twitter Web App,18-05-2022 12:12:32,0,0
JairMarchi,"O #PIX criado pelo #BCB foi o melhor mecanismo financeiro que jÃ¡ inventaram! por sua compensaÃ§Ã£o imediata, diminui austeridade de bancos tradicionais, taxas e juros, A livre concorrÃªncia estÃ¡ ai, chega de sustentar #bancos, abra uma #conta_digital e cai fora!",Twitter Web App,18-05-2022 11:58:51,0,0
SÃ³NotÃ­ciaBoa.com.br,"Agora dÃ¡ para doar pela chave PIX e-mail no SÃ³ Vaquinha Boa: seguro e fÃ¡cil!
https://t.co/Wz2BUtt1l8
#pix #chavepix #email #doar #doacao #vaquinha #sovaquinhaboa #novidade #inovacao #tecnologia #seguranca #comidade #facilidade #facil https://t.co/8NvRA5R5JM",Twitter Web App,18-05-2022 11:50:11,1,0
SÃ³NotÃ­ciaBoa.com.br,"Frio intenso: Veja como ajudar populaÃ§Ã£o de rua nesses dias tÃ£o gelados
https://t.co/4o3Aj5MEnf
#frio #inverno #moradoresderua #ajuda #solidariedade #empatia #vaquinha #cobertores #agasalhos #pix #email #sovaquinhaboa @sovaquinhaboa https://t.co/Qqgsv3RPDq",Twitter Web App,18-05-2022 11:39:19,6,0
Derlin.â€™.RodriguesğŸ‡§ğŸ‡·ğŸŒ¿ğŸ‘BOLSONARO ATÃ‰ 2026,"https://t.co/ODP7P2J1Ej

IMPOSTO DE RENDA

Prazo de entrega da declaraÃ§Ã£o do #ImpostoDeRenda termina no dia 31. 

A Receita Federal espera receber mais de 34 milhÃµes de declaraÃ§Ãµes. 

Este ano, a restituiÃ§Ã£o poderÃ¡ ser recebida via #Pix.",Twitter for iPhone,18-05-2022 09:44:34,1,0
PedroğŸ“âš–pai da HELENA,"@dramayraoficial PatriotasğŸ‡§ğŸ‡·, pode ser R$ 1, 2, 3, 4, 5, 6, 7, 8, 9, 10 ou qualquer ajuda q sempre serÃ¡ bem vinda!
AtÃ© mesmo sua oraÃ§Ã£o ou RT estarÃ¡ nos ajudando. 
E seguimos forte nessa batalha contra #LEUCEMIA 
Forte abraÃ§o pessoal e fiquem c/ Deus #PIX 05414214093
https://t.co/lMvKpeCaEH https://t.co/AY8ObbBLrY",Twitter for Android,18-05-2022 03:50:52,5,6
PedroğŸ“âš–pai da HELENA,"@filipebarrost PatriotasğŸ‡§ğŸ‡·, pode ser R$ 1, 2, 3, 4, 5, 6, 7, 8, 9, 10 ou qualquer ajuda q sempre serÃ¡ bem vinda!
AtÃ© mesmo sua oraÃ§Ã£o ou RT estarÃ¡ nos ajudando. 
E seguimos forte nessa batalha contra #LEUCEMIA 
Forte abraÃ§o pessoal e fiquem c/ Deus #PIX 05414214093
https://t.co/lMvKpeCaEH https://t.co/qAJ63YknAD",Twitter for Android,18-05-2022 03:46:21,11,6
Jennifer Monteiro,Roubo com Pix: confira dicas para tornar seu celular mais seguro - 17/05/2022 - UOL TILT #pix https://t.co/VqSVLpsVrb,Twitter for iPhone,18-05-2022 03:38:41,2,0
PedroğŸ“âš–pai da HELENA,"@dramayraoficial @jairbolsonaro Pessoal por favor nos ajudem
Nossa filha estÃ¡ c/#Leucemia e nÃ³s somos d interior d RS, VenÃ¢ncio Aires e o tratamento Ã© longo e POA.
Se afastamos d trabalho p/cuidar dela.
Qualquer ajuda Ã© bm vinda atÃ© oraÃ§Ãµes ou #Pix CPF 05414214093
Deem #RT e nos ajudem. 
https://t.co/lMvKpeCaEH https://t.co/MKgxJqLOi7",Twitter for Android,18-05-2022 03:20:54,4,4
PedroğŸ“âš–pai da HELENA,"@FlavioBolsonaro Pessoal por favor nos ajudem
Nossa filha estÃ¡ c/#Leucemia e nÃ³s somos d interior d RS, VenÃ¢ncio Aires e o tratamento Ã© longo e POA.
Se afastamos d trabalho p/cuidar dela.
Qualquer ajuda Ã© bm vinda atÃ© oraÃ§Ãµes ou #Pix CPF 05414214093
Deem #RT e nos ajudem. 
https://t.co/lMvKpeCaEH https://t.co/FH8SDER6As",Twitter for Android,18-05-2022 02:53:10,12,8
LGPD por Marco AurÃ©lio Duarte Adv-Lawyer,Roubo com #Pix : confira dicas para tornar seu #celular mais seguro - 17/05/2022 - UOL TILT #lgpd #gdpr #ccpa #proteÃ§aodedados #direitodigital #seguranÃ§adigital #dadospessoais #crimesciberneticos #smartphone #compliancedigital #roubodecelular #negocios  https://t.co/iWFQQ1Y2gB,Twitter for iPhone,18-05-2022 01:33:36,0,2
Jornal de BrasÃ­lia,"VÃ­timas de roubo com Pix tÃªm direito a ressarcimento? Confira o que dizem especialistas https://t.co/nGRYQzFdNv

#NotÃ­cias #Economia #Pix",Echobox,17-05-2022 23:58:53,2,0
Marcelo Porpino,"VOTAÃ‡ÃƒO COM PIX

Vamos viralizar para 
chegar atÃ© o presidente!

Gente, eu sou o 
Lucio China Souza   
Diretor do jornal 
Comunidade News

Temos uma grande ideia para que a â€œesquerdaâ€ nÃ£o possa manipular os resultados das eleiÃ§Ãµesâ€¦ &gt;&gt; #DireitaForte #Pix #VotacaoPorPix https://t.co/ba6DPKqCDs",Twitter for iPhone,17-05-2022 23:34:05,4,3
Â¯kafÄ™19`+,Desorientado invade grupo do Twitter e AmeaÃ§a seguidores ... #Kafe19 #News #piX ğŸš¨ğŸ˜•ğŸ™ƒâ˜ ï¸ğŸ˜³ğŸ’ªğŸ¾ğŸ¤‘,Twitter Web App,17-05-2022 23:03:41,1,1
Elo Jornal,"Caern comeÃ§a a receber pagamentos via Pix e por totens de autoatendimento
https://t.co/apqv1F3BRi 
#caern #pix #autoatendimento #elojornal #apoieoelojornal",Twitter Web App,17-05-2022 22:45:45,0,0
PedroğŸ“âš–pai da HELENA,"@jairbolsonaro Pessoal por favor nos ajudem
Nossa filha estÃ¡ c/#Leucemia e nÃ³s somos d interior d RS, VenÃ¢ncio Aires e o tratamento Ã© longo e POA.
Se afastamos d trabalho p/cuidar dela.
Qualquer ajuda Ã© bm vinda atÃ© oraÃ§Ãµes ou #Pix CPF 05414214093
Deem #RT e nos ajudem. 
https://t.co/lMvKpeCaEH https://t.co/YOhHVcH1qr",Twitter for Android,17-05-2022 22:29:30,10,8
PedroğŸ“âš–pai da HELENA,"@jairbolsonaro @govbr PatriotasğŸ‡§ğŸ‡·, pode ser R$ 1, 2, 3, 4, 5, 6, 7, 8, 9, 10 ou qualquer ajuda q sempre serÃ¡ bem vinda!
AtÃ© mesmo sua oraÃ§Ã£o ou RT estarÃ¡ nos ajudando. 
E seguimos forte nessa batalha contra #LEUCEMIA 
Forte abraÃ§o pessoal e fiquem c/ Deus #PIX 05414214093
https://t.co/lMvKpeCaEH https://t.co/W6UgdUgLrH",Twitter for Android,17-05-2022 22:27:27,6,6
PedroğŸ“âš–pai da HELENA,"@oiIuiz PatriotasğŸ‡§ğŸ‡·, pode ser R$ 1, 2, 3, 4, 5, 6, 7, 8, 9, 10 ou qualquer ajuda q sempre serÃ¡ bem vinda!
AtÃ© mesmo sua oraÃ§Ã£o ou RT estarÃ¡ nos ajudando. 
E seguimos forte nessa batalha contra #LEUCEMIA 
Forte abraÃ§o pessoal e fiquem c/ Deus #PIX 05414214093
https://t.co/lMvKpeCaEH https://t.co/uuCdQZ4wdT",Twitter for Android,17-05-2022 22:21:56,4,4
PedroğŸ“âš–pai da HELENA,"@fabifbbr Pessoal por favor nos ajudem
Nossa filha estÃ¡ c/#Leucemia e nÃ³s somos d interior d RS, VenÃ¢ncio Aires e o tratamento Ã© longo e POA.
Se afastamos d trabalho p/cuidar dela.
Qualquer ajuda Ã© bm vinda atÃ© oraÃ§Ãµes ou #Pix CPF 05414214093
Deem #RT e nos ajudem. 
https://t.co/lMvKpeCaEH https://t.co/zmhXBM5wos",Twitter for Android,17-05-2022 21:23:02,11,8
â—‹,"Inclusive jÃ¡ vou passar a conta do PIX aqui: helenna@gmail.com
#pix
#paz https://t.co/HYQEymiyzr",Twitter for Android,17-05-2022 21:17:26,1,0
PedroğŸ“âš–pai da HELENA,"@rogeriosmarinho Pessoal por favor nos ajudem
Nossa filha estÃ¡ c/#Leucemia e nÃ³s somos d interior d RS, VenÃ¢ncio Aires e o tratamento Ã© longo e POA.
Se afastamos d trabalho p/cuidar dela.
Qualquer ajuda Ã© bm vinda atÃ© oraÃ§Ãµes ou #Pix CPF 05414214093
Deem #RT e nos ajudem. 
https://t.co/lMvKpeCaEH https://t.co/EgXYbyjg3H",Twitter for Android,17-05-2022 21:16:11,12,8
PedroğŸ“âš–pai da HELENA,"@carteiroreaca Pessoal por favor nos ajudem
Nossa filha estÃ¡ c/#Leucemia e nÃ³s somos d interior d RS, VenÃ¢ncio Aires e o tratamento Ã© longo e POA.
Se afastamos d trabalho p/cuidar dela.
Qualquer ajuda Ã© bm vinda atÃ© oraÃ§Ãµes ou #Pix CPF 05414214093
Deem #RT e nos ajudem. 
https://t.co/lMvKpeCaEH https://t.co/FvkCneDM6w",Twitter for Android,17-05-2022 21:10:57,10,7
PedroğŸ“âš–pai da HELENA,"@LucianoHangBr @havanoficial Pessoal por favor nos ajudem
Nossa filha estÃ¡ c/#Leucemia e nÃ³s somos d interior d RS, VenÃ¢ncio Aires e o tratamento Ã© longo e POA.
Se afastamos d trabalho p/cuidar dela.
Qualquer ajuda Ã© bm vinda atÃ© oraÃ§Ãµes ou #Pix CPF 05414214093
Deem #RT e nos ajudem. 
https://t.co/lMvKpeCaEH https://t.co/PCh160npho",Twitter for Android,17-05-2022 21:06:40,4,5
Tairam Oliveira ğŸ”¥ğŸ”¥ğŸ”¥,"Se o ""presidente da repÃºblica"" @jairbolsonaro fosse um VERDADEIRO GESTOR do ""poder executivo"" e da naÃ§Ã£o brasileira... ğŸ‡§ğŸ‡· saberia o que Ã© CAPITAL HUMANO e CAPITAL INTELECTUAL, alÃ©m de RECONHECER... as pessoas responsÃ¡veis por desenvolver o #Pix. ğŸ¯ğŸ§ğŸ”
https://t.co/ojqoiRRgLU",Twitter for Android,17-05-2022 20:58:29,0,0
Yago M3,"Salvee, passando pra avisar que a live jÃ¡ estÃ¡ ON !! 
EntÃ£o cola la e vamos nos divertir !!!
#donate #insta #twitter #discord #pix #trovo
https://t.co/72qM5LKf5e
https://t.co/hjbpvIgtk8",Restream.io,17-05-2022 20:55:26,0,0
Navita,"NÃ£o usar nenhuma chave PIX? Uma das opÃ§Ãµes que mais tem sido utilizada Ã© o celular do PIX, mas o que Ã©? ğŸ“²âš ğŸ’šğŸš€

Acesse o link e entenda melhor:

https://t.co/wOPfgvP3tg

#celular #pix #seguranÃ§a #dadosbancÃ¡rios #navitabr #deixaremcasa",Twitter Web App,17-05-2022 20:06:47,0,0
Eulalia Sena,As vezes sÃ³ um pix pra deixar a gente feliz ğŸ¥¹ #PEITOAWARDS #pix #dinh,Twitter for iPhone,17-05-2022 19:32:45,0,0
ReidoPalpite,"BolÃ£o mÃªs de MAIO 2022 valendo prÃªmios em #PIX !!! 

1Âº LUGAR NO RANKING R$ 200,00ğŸ’¸
2Âº LUGAR  R$ 75,00ğŸ’¸
3Âº LUGAR  R$ 25,00ğŸ’¸

Palpite nos melhores jogos da #Libertadores e #CopaSudamericana

ACESSE https://t.co/dTISCX6sL8 100% GRÃTIS https://t.co/ZurmjhC8iN",Twitter for Android,17-05-2022 19:30:35,3,3
PedroğŸ“âš–pai da HELENA,"@Biakicis Pessoal por favor nos ajudem
Nossa filha estÃ¡ c/#Leucemia e nÃ³s somos d interior d RS, VenÃ¢ncio Aires e o tratamento Ã© longo e POA.
Se afastamos d trabalho p/cuidar dela.
Qualquer ajuda Ã© bm vinda atÃ© oraÃ§Ãµes ou #Pix CPF 05414214093
Deem #RT e nos ajudem. 
https://t.co/lMvKpeCaEH https://t.co/pY6QLgV3dQ",Twitter for Android,17-05-2022 19:25:01,14,12
PNotÃ­cias,"Em Sergipe, Bolsonaro afirma ter criado o Pix: â€˜E cada um que passou a operar o Pix, passou a ser um microempresÃ¡rioâ€™ - 

#PNotÃ­cias #News #ÃºltimasnotÃ­cias #EmpurraPiatÃ£ #PiatÃ£FM #Bolsonaro #EleiÃ§Ãµes #Sergipe #Pix https://t.co/m4vVPjr8Sa",Etus Brasil,17-05-2022 19:20:15,0,0
PedroğŸ“âš–pai da HELENA,"@FlavioBolsonaro Pessoal por favor nos ajudem
Nossa filha estÃ¡ c/#Leucemia e nÃ³s somos d interior d RS, VenÃ¢ncio Aires e o tratamento Ã© longo e POA.
Se afastamos d trabalho p/cuidar dela.
Qualquer ajuda Ã© bm vinda atÃ© oraÃ§Ãµes ou #Pix CPF 05414214093
Deem #RT e nos ajudem. 
https://t.co/lMvKpeCaEH https://t.co/2pbWHguDW5",Twitter for Android,17-05-2022 18:41:50,7,5
Intersena,"A Intersena estÃ¡ sempre inovando para proporcionar mais praticidade para as suas apostas. Por isso, disponibilizamos tambÃ©m a opÃ§Ã£o de pagamento via PIX.

AlÃ©m de ser prÃ¡tico, o pagamento Ã© computado em poucos minutos.

#Intersena #PIX #Sorte #PrÃªmios https://t.co/xzyskX8EUG",mLabs - GestÃ£o de Redes Sociais,17-05-2022 17:00:20,0,0
HARDKA LOZER,"KKKK que me prenda entÃ£o ğŸ¤¡ğŸ”¥ğŸ˜‚ 

#hardkalozer #PIX #pixiv #FYP #fyptt #Memes #humorNegro #comedian #comedia #destaquetv #humor #Memes #memesdaily #TikTok #TikTokãƒ©ã‚¤ãƒ– #Reels #shorts https://t.co/HeikHOkRCO",Twitter for Android,17-05-2022 16:21:14,0,0
CanÃ§Ã£oNova Fortaleza,"MÃ£e da Divina ProvidÃªncia, providenciai! AlcanÃ§amos 54% do Projeto Dai-me Almas. Precisamos de vocÃª!  E vocÃª pode ajudar a CanÃ§Ã£o Nova atravÃ©s do pix: pix.doacao@cancaonova.com  ğŸ™ğŸ»â¤ï¸ğŸ’’

#cancaonova #pix #projetodaimealmas  #evangelizaÃ§Ã£o #generosidade #familia https://t.co/WZDYRWX1H1",Twitter for Android,17-05-2022 14:53:46,0,0
Kenio,"Com o pagamento instantÃ¢neo Ã© rapidez, seguranÃ§a e sem trocos. Mais comodidade para vocÃª!

#fazumpix #pix #kenioAtacadoeVarejo #olugarcertoparasuascompras #pauloafonsobahia #supermercados https://t.co/cWX4OAKwJW",Instagram,17-05-2022 14:20:18,0,0
PedroğŸ“âš–pai da HELENA,"@FlavioBolsonaro Pessoal por favor nos ajudem
Nossa filha estÃ¡ c/#Leucemia e nÃ³s somos d interior d RS, VenÃ¢ncio Aires e o tratamento Ã© longo e POA.
Se afastamos d trabalho p/cuidar dela.
Qualquer ajuda Ã© bm vinda atÃ© oraÃ§Ãµes ou #Pix CPF 05414214093
Deem #RT e nos ajudem. 
https://t.co/lMvKpeCaEH https://t.co/ebtQlINYuO",Twitter for Android,17-05-2022 14:07:13,8,9
CanÃ§Ã£o Nova,"MÃ£e da Divina ProvidÃªncia, providenciai!

AlcanÃ§amos 54% do Projeto Dai-me Almas.

Precisamos de vocÃª!

E vocÃª pode ajudar a CanÃ§Ã£o Nova atravÃ©s do pix: pix.doacao@cancaonova.com  ğŸ™ğŸ»â¤ï¸ğŸ’’

#cancaonova #pix #projetodaimealmas  #evangelizaÃ§Ã£o #generosidade #familia https://t.co/vAcXYNGx0M",TweetDeck,17-05-2022 14:00:03,35,1
CanÃ§Ã£o Nova Palmas,"MÃ£e da Divina ProvidÃªncia, providenciai! AlcanÃ§amos 54% do Projeto Dai-me Almas. Precisamos de vocÃª!  E vocÃª pode ajudar a CanÃ§Ã£o Nova atravÃ©s do pix: pix.doacao@cancaonova.com  ğŸ™ğŸ»â¤ï¸ğŸ’’

#cancaonova #pix #projetodaimealmas  #evangelizaÃ§Ã£o #generosidade #familia https://t.co/XKWL1HmALY",Twitter for iPhone,17-05-2022 13:58:37,0,0
BP Money,"Golpes no #Pix se intensificamğŸ¤¯ğŸ˜¬

A #fintech #Superdigital, do banco #Santander, sofreu um prejuÃ­zo de R$ 13 milhÃµes apÃ³s um golpe com Pix. O MP (#MinistÃ©rioPÃºblico) e a polÃ­cia jÃ¡ investigam o casoğŸš¨ https://t.co/DALNM7bMqF",Twitter Web App,17-05-2022 13:35:01,0,0
Paulo Henrique Oliveira,"Rico mesmo Ã© o brasileiro, que agora tem um celular sÃ³ para contas bancÃ¡rias e outro para entregar para o bandido! 
#sqn #piadapronta #sejafoda #pholiveiraadvogados #penalcomph #pix #golpedopix #roubo #furto #penalÃ©maiegal",Twitter for iPhone,17-05-2022 12:34:08,1,0
Alberto Lapeano ğŸ‡§ğŸ‡·ğŸ‡®ğŸ‡ª,"#OperaÃ§Ã£o22 - Toda TransaÃ§Ã£o de qualquer valor no #PIX deixaremos 22 centavos no final.

ğŸ¤œğŸ‡§ğŸ‡·ğŸ¤› Vamos acabar de vez com a narrativa de que somos robÃ´s. Vamos provar para o mundo que com eleiÃ§Ã£o transparente o 22 serÃ¡ no Primeiro Turno.

ğŸ‘‰ Em todos os PIX:
22 nos centavos. https://t.co/nBmEjSzNkg",Twitter for Android,17-05-2022 12:31:42,0,1
BeInCrypto | BR-PT,"ğŸ”µ #PIX foi um dos temas centrais da #CrossTech Latam 2022, que ocorreu no final de abril e debateu as formas como esse sistema pode influenciar as transaÃ§Ãµes de dinheiro â€“ incluindo as internacionais â€“ daqui para a frente. #BeInCrypto

ğŸ‘‰ğŸ¼ Saiba mais: https://t.co/J0z2Df1O2V https://t.co/dtnV9aUqwA",mLabs - GestÃ£o de Redes Sociais,17-05-2022 12:00:19,0,0
justiÃ§a social,"Somente a MÃƒO de DEUS para nos sustentar.

#banana #hoje #kkk #look #doaÃ§Ã£o
#pandemia #coviÌ‡d19   #pix #facebook
#inspiration #instragram #Deus  #ceasa
#publicidade  #paraiba  #amigas em JoÃ£o Pessoa, Brazil https://t.co/rZmmdMGqNK",Instagram,17-05-2022 11:40:05,0,0
Investimento no Pix,O pix mais alto dessa semana ğŸ˜³ğŸ¥°ğŸ™ #pix #pagamentonahora https://t.co/uaySABSMTJ,Twitter for Android,17-05-2022 11:10:53,0,0
mtitecnologia,"Pix Ã© o meio de pagamento favorito dos gamers para recargas de jogos e apps, aponta pesquisa da Codashop https://t.co/KNnDJvG1jN #mtitecnologia #Pix #pagamento #games #Apps https://t.co/sNl4NKzA8B",Twittimer,17-05-2022 11:00:09,1,0
Karoline Correia,AlguÃ©m me manda um #pix pra eu conseguir sair desse nÃºmero satÃ¢nico rsrs ğŸ™ https://t.co/Yj94lNPo9o,Twitter for Android,17-05-2022 10:31:54,0,0
Diana Corrales lamarca,"@Marcus2n Fazer suas apostas com as melhores cotaÃ§Ãµes jÃ¡ Ã© bom, mas ganhar um BÃ”NUS de R$50 sÃ³ pra curtir na Gamble Ã© melhor ainda    https://t.co/6P0e7bgDjh  

#apostasesportivas #apostasonline #BBB22 #futebol #futebolbrasileiro #cassino #pix #copaqatar #apostasegura #apostaganha #betting",Twitter Web App,17-05-2022 06:12:40,1,1
Diana Corrales lamarca,"@It_frois Buscando um site de apostas com os saques e depÃ³sitos mais rÃ¡pidos de todo faroeste? ğŸ¤ 
Venha duelar em Gamble City e seja rÃ¡pido no gatilho!
â¡ Acesse agora https://t.co/ciJeTtZiNv e participe!

#apostasesportivas #apostasonline #BBB22 #futebol #futebolbrasileiro #cassino #pix",Twitter Web App,17-05-2022 06:04:42,3,3
Diana Corrales lamarca,"@eudanzinho Aqui na Gamble City voce nÃ£o precisa pagar nada para comeÃ§ar Ã  aposta. Ative agora mesmo seu BÃ”NUS FUN de R$50,00 e divirta-se! https://t.co/6P0e7bgDjh
 #roletabrasil #cassinoroletabrasil  #cassinoonline #jogosdecassinoonline #cassinobrasil #chegamos #apostasesportivas  #bet #pix",Twitter Web App,17-05-2022 05:07:57,0,0
Maria Antonieta,"@TwitterTV @Twitter @NetflixGeeked @Stranger_Things @strangerwriters @SadieSink @GatenM123 Aumente suas apostas com nosso incrÃ­vel bÃ´nus 100%! VocÃª deposita, e agente dobra!
DiversÃ£o e praticidade em apostas Ã© na Gamble City! https://t.co/fmXK1xJ9oG
#apostasesportivas #apostasonline #BBB22 #futebol #futebolbrasileiro #cassino
#pix #copaqatar",Twitter Web App,17-05-2022 04:55:45,1,1
BOCA NO TROMBONE ğŸ—£ğŸ”Š,"@shopee_br Esse @shopee_br Ã© uma merda!
A 13 dias batendo de frente com eles!
Estou tentando fazer um pgto via CartÃ£o de CrÃ©dito e nÃ£o aprovam em nenhum dos meus 4 cartÃµes.
E ainda me orientaram pagar via #PIX ou #BOLETO pra futuramente liberarem meus pgtos via #cartaodecredito 
#Lamentavel",Twitter for iPhone,17-05-2022 04:55:43,0,0
Merilin da Cruz,"Aquela roleta russa da madrugada...

@MaestrodopixRJ @maestrodopix021  que onda hein, #vergonha #golpe #pix https://t.co/WSNyoZQ6Yi",Twitter for Android,17-05-2022 03:32:59,0,0
Divulga as Sexy's ğŸ”ğŸ”¥ğŸŒ¶ï¸,"Espelho Espelho meu ...ğŸªğŸ”¥

#RABAAWARDS #BUNDASAWARDS #gostosa #milf #PIX https://t.co/KBK6Rbr1Vi",Twitter for Android,17-05-2022 01:03:50,1,1
PedroğŸ“âš–pai da HELENA,"@Biakicis Pessoal por favor nos ajudem
Nossa filha estÃ¡ c/#Leucemia e nÃ³s somos d interior d RS, VenÃ¢ncio Aires e o tratamento Ã© longo e POA.
Se afastamos d trabalho p/cuidar dela.
Qualquer ajuda Ã© bm vinda atÃ© oraÃ§Ãµes ou #Pix CPF 05414214093
Deem #RT e nos ajudem. 
https://t.co/lMvKpeCaEH https://t.co/9Jdyy1K8n1",Twitter for Android,17-05-2022 00:46:55,6,7
PedroğŸ“âš–pai da HELENA,"@FlavioBolsonaro @jairbolsonaro Pessoal por favor nos ajudem
Nossa filha estÃ¡ c/#Leucemia e nÃ³s somos d interior d RS, VenÃ¢ncio Aires e o tratamento Ã© longo e POA.
Se afastamos d trabalho p/cuidar dela.
Qualquer ajuda Ã© bm vinda atÃ© oraÃ§Ãµes ou #Pix CPF 05414214093
Deem #RT e nos ajudem. 
https://t.co/lMvKpeCaEH https://t.co/cbiPLXpMF5",Twitter for Android,17-05-2022 00:17:53,7,7
PedroğŸ“âš–pai da HELENA,"@whindersson Pessoal por favor nos ajudem
Nossa filha estÃ¡ c/#Leucemia e nÃ³s somos d interior d RS, VenÃ¢ncio Aires e o tratamento Ã© longo e POA.
Se afastamos d trabalho p/cuidar dela.
Qualquer ajuda Ã© bm vinda atÃ© oraÃ§Ãµes ou #Pix CPF 05414214093
Deem #RT e nos ajudem. 
https://t.co/lMvKpeCaEH https://t.co/cQOhDNfsMi",Twitter for Android,16-05-2022 23:52:52,4,4
PedroğŸ“âš–pai da HELENA,"@monark Pessoal por favor nos ajudem
Nossa filha estÃ¡ c/#Leucemia e nÃ³s somos d interior d RS, VenÃ¢ncio Aires e o tratamento Ã© longo e POA.
Se afastamos d trabalho p/cuidar dela.
Qualquer ajuda Ã© bm vinda atÃ© oraÃ§Ãµes ou #Pix CPF 05414214093
Deem #RT e nos ajudem. 
https://t.co/lMvKpeCaEH https://t.co/76zrHFVub6",Twitter for Android,16-05-2022 23:47:13,5,4
Henrique,"CadÃª os puto  sub para  dar aquela moral no pix .? 
#submissao #PIG #PIX #GayIndonesia #tekador #teko https://t.co/GjK6uOvxFs",Twitter for Android,16-05-2022 23:42:12,9,1
Blog do Hiel Levy,"Errou ao fazer o pix e passou valor maior? PolÃ­cia explica como pode ajudar na recuperaÃ§Ã£o do dinheiro

Saiba mais em: https://t.co/hFm4yHFtlg

#polÃ­cia #erro #Pix #valores #recuperaÃ§Ã£o #dinheiro #PCAM",Twitter Web App,16-05-2022 23:37:53,0,0
Marcelo,Problemas de seguranÃ§a pÃºblica gerando novas necessidades. #pix https://t.co/jkvvBHUMmX,Twitter for Android,16-05-2022 23:24:28,0,0
Bitget PortuguÃªs,"O PIX CHEGOUğŸ˜ğŸ˜ 

Agora os usuÃ¡rios do Brasil agora podem comprar  $BTC, $ETH, $USDT, $XRP e $LTC com #Pix!

E tem evento de lanÃ§amento hein..

Saiba mais: https://t.co/9VS1PAI8ll https://t.co/MK0hrCo8FX",Twitter Web App,16-05-2022 23:16:33,2,2
PedroğŸ“âš–pai da HELENA,"@kimpaim Pessoal por favor nos ajudem
Nossa filha estÃ¡ c/#Leucemia e nÃ³s somos d interior d RS, VenÃ¢ncio Aires e o tratamento Ã© longo e POA.
Se afastamos d trabalho p/cuidar dela.
Qualquer ajuda Ã© bm vinda atÃ© oraÃ§Ãµes ou #Pix CPF 05414214093
Deem #RT e nos ajudem. 
https://t.co/lMvKpeCaEH https://t.co/BJouiePDyM",Twitter for Android,16-05-2022 23:04:31,6,5
PedroğŸ“âš–pai da HELENA,"@oiIuiz Pessoal por favor nos ajudem
Nossa filha estÃ¡ c/#Leucemia e nÃ³s somos d interior d RS, VenÃ¢ncio Aires e o tratamento Ã© longo e POA.
Se afastamos d trabalho p/cuidar dela.
Qualquer ajuda Ã© bm vinda atÃ© oraÃ§Ãµes ou #Pix CPF 05414214093
Deem #RT e nos ajudem. 
https://t.co/lMvKpeCaEH https://t.co/4KcPd2rZHs",Twitter for Android,16-05-2022 23:01:24,7,5
PedroğŸ“âš–pai da HELENA,"@kimpaim @Alice38978168 PatriotasğŸ‡§ğŸ‡·, pode ser R$ 1, 2, 3, 4, 5, 6, 7, 8, 9, 10 ou qualquer ajuda q sempre serÃ¡ bem vinda!
AtÃ© mesmo sua oraÃ§Ã£o ou RT estarÃ¡ nos ajudando. 
E seguimos forte nessa batalha contra #LEUCEMIA 
Forte abraÃ§o pessoal e fiquem c/ Deus #PIX 05414214093
https://t.co/lMvKpeCaEH",Twitter for Android,16-05-2022 22:56:47,4,5
SuperRico,"Pix parcelado: vale a pena usar? Ã‰ importante ressaltar que o Pix parcelado nÃ£o Ã© um serviÃ§o oficial do Banco Central. Ou seja, a instituiÃ§Ã£o nÃ£o definiu as regras e os juros dessa funcionalidade. 

#planejamentofinanceiro #credito #pix

https://t.co/6K6Tinvxxq",Twitter Web App,16-05-2022 22:01:04,0,0
Jornal ContÃ¡bil,"Os pagamentos do saque extraordinÃ¡rio do FGTS estÃ£o acontecendo e o valor Ã© depositado em Conta PoupanÃ§a Social Digital, aberta automaticamente pela CAIXA em nome dos trabalhadores.

https://t.co/GFpy3tjqtu

#caixatem #pix #fgts #trabalhadores #saque",mLabs - GestÃ£o de Redes Sociais,16-05-2022 21:00:59,0,0
TV BrasilGov,"InscriÃ§Ãµes para o #Enem2022 vÃ£o atÃ© este sÃ¡bado (21). Valor da taxa Ã© de R$ 85 e pode ser pago via #Pix, cartÃ£o de crÃ©dito ou por boleto bancÃ¡rio atÃ© o dia 27 deste mÃªs. OuÃ§a no boletim da Rede Nacional de RÃ¡dio: https://t.co/MjjsTN5PwM

ğŸ“·Marcello Casal Jr./@agenciabrasil https://t.co/MRN97VU4qv",TweetDeck,16-05-2022 21:00:00,32,11
PedroğŸ“âš–pai da HELENA,"@jairbolsonaro Pessoal por favor nos ajudem
Nossa filha estÃ¡ c/#Leucemia e nÃ³s somos d interior d RS, VenÃ¢ncio Aires e o tratamento Ã© longo e POA.
Se afastamos d trabalho p/cuidar dela.
Qualquer ajuda Ã© bm vinda atÃ© oraÃ§Ãµes ou #Pix CPF 05414214093
Deem #RT e nos ajudem. 
https://t.co/lMvKpeCaEH https://t.co/sw2bAm52I4",Twitter for Android,16-05-2022 20:46:02,21,13
Audere Consultoria,"Banco informou que jÃ¡ comunicou os clientes e autoridades sobre incidente.
#Bradesco #VazamentoDeDados #Pix #ciberseguranÃ§a #tecnologia #cybersecurity #AudereTI #consultoriaemti #networksecurity #ransomware #Malware
https://t.co/67rmrNaHVw",Twitter Web App,16-05-2022 20:01:45,1,0
